
--- Baresip run 2026-07-07T21:04:30 ---
baresip v4.9.0 Copyright (C) 2010 - 2025 Alfred E. Heggestad et al.
Local network addresses:
 {E9883888-1437-4B71-ACCC-A557E6C989F3}:  fe80::a24e:6067:1df:b7d0
 {E9883888-1437-4B71-ACCC-A557E6C989F3}:  140.124.42.67
aucodec: PCMU/8000/1
aucodec: PCMA/8000/1
aufilt: auconv
aufilt: auresamp
ausrc: aufile
auplay: aufile
Populated 0 accounts
account: No SIP accounts found
 -- check your config or add an account using 'uanew' command
Populated 2 audio codecs
Populated 2 audio filters
Populated 0 video codecs
Populated 0 video filters
baresip is ready.
tcp: recv handler: recv(): Unknown error [10054]
python@140.124.42.67: selected for request
call: connecting to 'sip:4267@192.168.6.120:5060'..
tcp: send: write(): Unknown error [10053] (fdc=864)
[31mctrl_tcp: failed to send the response (Unknown error [10053])
[;mtcp: recv handler: recv(): Unknown error [10053]
call: SIP Progress: 180 Ringing (/)
aufile: writing speaker audio to nil
python@140.124.42.67: Call answered: sip:4267@192.168.6.120:5060
stream: update 'audio'
audio_recv: Set audio decoder: PCMA 8000Hz 1ch
aufile: writing speaker audio to nil
audio_recv: player started with sample format S16LE
audio: Set audio encoder: PCMA 8000Hz 1ch
aufile: loading input file 'C:/Users/user/Desktop/ip_speaker/logs/baresip_audio_source.wav'
aufile: C:/Users/user/Desktop/ip_speaker/logs/baresip_audio_source.wav: 8000 Hz, 1 channels, S16LE
aufile: audio ptime=20 sampc=160
aufile: read end of file
aufile: loaded 74342 bytes
audio: source started with sample format S16LE
audio tx pipeline:      aufile ---> aubuf ---> auconv ---> auresamp ---> PCMA
audio rx pipeline:      aufile <--- aubuf <--- auconv <--- auresamp <--- PCMA
python@140.124.42.67: Call established: sip:4267@192.168.6.120:5060
[0:00:00] audio=0/0 (bit/s)
[0:00:00] audio=0/0 (bit/s)
[0:00:00] audio=0/0 (bit/s)
[0:00:00] audio=0/0 (bit/s)
[0:00:00] audio=0/0 (bit/s)
[0:00:01] audio=0/0 (bit/s)
[0:00:01] audio=0/0 (bit/s)
[0:00:01] audio=0/0 (bit/s)
[0:00:01] audio=0/0 (bit/s)
[0:00:01] audio=0/0 (bit/s)
[0:00:01] audio=0/0 (bit/s)
[0:00:01] audio=0/0 (bit/s)
[0:00:01] audio=0/0 (bit/s)
[0:00:01] audio=0/0 (bit/s)
[0:00:01] audio=0/0 (bit/s)
[0:00:02] audio=0/0 (bit/s)
[0:00:02] audio=0/0 (bit/s)
[0:00:02] audio=0/0 (bit/s)
[0:00:02] audio=0/0 (bit/s)
[0:00:02] audio=0/0 (bit/s)
[0:00:02] audio=0/0 (bit/s)
[0:00:02] audio=0/0 (bit/s)
[0:00:02] audio=0/0 (bit/s)
[0:00:02] audio=0/0 (bit/s)
[0:00:03] audio=0/0 (bit/s)
[0:00:03] audio=0/0 (bit/s)
[0:00:03] audio=0/0 (bit/s)
[0:00:03] audio=0/0 (bit/s)
[0:00:03] audio=0/0 (bit/s)
[0:00:03] audio=0/0 (bit/s)
[0:00:03] audio=0/0 (bit/s)
[0:00:03] audio=0/0 (bit/s)
[0:00:03] audio=0/0 (bit/s)
[0:00:03] audio=0/0 (bit/s)
[0:00:04] audio=0/0 (bit/s)
[0:00:04] audio=0/0 (bit/s)
[0:00:04] audio=0/0 (bit/s)
[0:00:04] audio=0/0 (bit/s)
[0:00:04] audio=0/0 (bit/s)
[0:00:04] audio=0/0 (bit/s)
[0:00:04] audio=0/0 (bit/s)
[0:00:04] audio=0/0 (bit/s)
[0:00:04] audio=0/0 (bit/s)
[0:00:04] audio=0/0 (bit/s)
[0:00:05] audio=0/0 (bit/s)
aufile: end of file
audio: ausrc - end of file
[0:00:05] audio=0/0 (bit/s)
[0:00:05] audio=0/0 (bit/s)
[0:00:05] audio=0/0 (bit/s)
[0:00:05] audio=0/0 (bit/s)
[0:00:05] audio=0/0 (bit/s)
[0:00:05] audio=0/0 (bit/s)
[0:00:05] audio=0/0 (bit/s)
[0:00:05] audio=0/0 (bit/s)
[0:00:06] audio=45577/63893 (bit/s)
[0:00:06] audio=45577/63893 (bit/s)
[0:00:06] audio=45577/63893 (bit/s)
[0:00:06] audio=45577/63893 (bit/s)
[0:00:06] audio=45577/63893 (bit/s)
[0:00:06] audio=45577/63893 (bit/s)
[0:00:06] audio=45577/63893 (bit/s)
[0:00:06] audio=45577/63893 (bit/s)
[0:00:06] audio=45577/63893 (bit/s)
[0:00:06] audio=45577/63893 (bit/s)
[0:00:07] audio=45577/63893 (bit/s)
[0:00:07] audio=45577/63893 (bit/s)
[0:00:07] audio=45577/63893 (bit/s)
[0:00:07] audio=45577/63893 (bit/s)
[0:00:07] audio=45577/63893 (bit/s)
[0:00:07] audio=45577/63893 (bit/s)
[0:00:07] audio=45577/63893 (bit/s)
[0:00:07] audio=45577/63893 (bit/s)
[0:00:07] audio=45577/63893 (bit/s)
[0:00:08] audio=45577/63893 (bit/s)
[0:00:08] audio=45577/63893 (bit/s)
[0:00:08] audio=45577/63893 (bit/s)
[0:00:08] audio=45577/63893 (bit/s)
[0:00:08] audio=45577/63893 (bit/s)
[0:00:08] audio=45577/63893 (bit/s)
[0:00:08] audio=45577/63893 (bit/s)
[0:00:08] audio=45577/63893 (bit/s)
[0:00:08] audio=45577/63893 (bit/s)
[0:00:08] audio=45577/63893 (bit/s)
[0:00:09] audio=0/64298 (bit/s)
[0:00:09] audio=0/64298 (bit/s)
[0:00:09] audio=0/64298 (bit/s)
[0:00:09] audio=0/64298 (bit/s)
[0:00:09] audio=0/64298 (bit/s)
[0:00:09] audio=0/64298 (bit/s)
[0:00:09] audio=0/64298 (bit/s)
[0:00:09] audio=0/64298 (bit/s)
[0:00:09] audio=0/64298 (bit/s)
[0:00:09] audio=0/64298 (bit/s)
[0:00:10] audio=0/64298 (bit/s)
[0:00:10] audio=0/64298 (bit/s)
[0:00:10] audio=0/64298 (bit/s)
[0:00:10] audio=0/64298 (bit/s)
[0:00:10] audio=0/64298 (bit/s)
[0:00:10] audio=0/64298 (bit/s)
[0:00:10] audio=0/64298 (bit/s)
[0:00:10] audio=0/64298 (bit/s)
[0:00:10] audio=0/64298 (bit/s)
[0:00:10] audio=0/64298 (bit/s)
[0:00:11] audio=0/64298 (bit/s)
[0:00:11] audio=0/64298 (bit/s)
[0:00:11] audio=0/64298 (bit/s)
[0:00:11] audio=0/64298 (bit/s)
[0:00:11] audio=0/64298 (bit/s)
[0:00:11] audio=0/64298 (bit/s)
[0:00:11] audio=0/64298 (bit/s)
[0:00:11] audio=0/64298 (bit/s)
[0:00:11] audio=0/64298 (bit/s)
[0:00:11] audio=0/64298 (bit/s)
[0:00:12] audio=0/64000 (bit/s)
[0:00:12] audio=0/64000 (bit/s)
[0:00:12] audio=0/64000 (bit/s)
[0:00:12] audio=0/64000 (bit/s)
[0:00:12] audio=0/64000 (bit/s)
[0:00:12] audio=0/64000 (bit/s)
[0:00:12] audio=0/64000 (bit/s)
[0:00:12] audio=0/64000 (bit/s)
[0:00:12] audio=0/64000 (bit/s)
[0:00:12] audio=0/64000 (bit/s)
[0:00:13] audio=0/64000 (bit/s)
call: terminate call 'e2c71c5f66839dc1' with sip:4267@192.168.6.120:5060
sip:python@140.124.42.67: Call with sip:4267@192.168.6.120:5060 terminated (duration: 13 secs)
audio           Transmit:     Receive:
packets:            233          633
avg. bitrate:      23.5         64.0  (kbit/s)
errors:               0            0
tcp: recv handler: recv(): Unknown error [10053]

--- Baresip run 2026-07-07T21:07:07 ---
baresip v4.9.0 Copyright (C) 2010 - 2025 Alfred E. Heggestad et al.
Local network addresses:
 {E9883888-1437-4B71-ACCC-A557E6C989F3}:  fe80::a24e:6067:1df:b7d0
 {E9883888-1437-4B71-ACCC-A557E6C989F3}:  140.124.42.67
aucodec: PCMU/8000/1
aucodec: PCMA/8000/1
aufilt: auconv
aufilt: auresamp
ausrc: aufile
auplay: aufile
Populated 0 accounts
account: No SIP accounts found
 -- check your config or add an account using 'uanew' command
Populated 2 audio codecs
Populated 2 audio filters
Populated 0 video codecs
Populated 0 video filters
baresip is ready.
tcp: recv handler: recv(): Unknown error [10054]
python@140.124.42.67: selected for request
call: connecting to 'sip:4267@192.168.6.120:5060'..
tcp: send: write(): Unknown error [10053] (fdc=728)
[31mctrl_tcp: failed to send the response (Unknown error [10053])
[;mtcp: recv handler: recv(): Unknown error [10053]
call: SIP Progress: 180 Ringing (/)
aufile: writing speaker audio to nil
python@140.124.42.67: Call answered: sip:4267@192.168.6.120:5060
stream: update 'audio'
audio_recv: Set audio decoder: PCMA 8000Hz 1ch
aufile: writing speaker audio to nil
audio_recv: player started with sample format S16LE
audio: Set audio encoder: PCMA 8000Hz 1ch
aufile: loading input file 'C:/Users/user/Desktop/ip_speaker/logs/baresip_audio_source.wav'
aufile: C:/Users/user/Desktop/ip_speaker/logs/baresip_audio_source.wav: 8000 Hz, 1 channels, S16LE
aufile: audio ptime=20 sampc=160
aufile: read end of file
aufile: loaded 74342 bytes
audio: source started with sample format S16LE
audio tx pipeline:      aufile ---> aubuf ---> auconv ---> auresamp ---> PCMA
audio rx pipeline:      aufile <--- aubuf <--- auconv <--- auresamp <--- PCMA
python@140.124.42.67: Call established: sip:4267@192.168.6.120:5060
[0:00:00] audio=0/0 (bit/s)
[0:00:00] audio=0/0 (bit/s)
[0:00:00] audio=0/0 (bit/s)
[0:00:00] audio=0/0 (bit/s)
[0:00:00] audio=0/0 (bit/s)
[0:00:01] audio=0/0 (bit/s)
[0:00:01] audio=0/0 (bit/s)
[0:00:01] audio=0/0 (bit/s)
[0:00:01] audio=0/0 (bit/s)
[0:00:01] audio=0/0 (bit/s)
[0:00:01] audio=0/0 (bit/s)
[0:00:01] audio=0/0 (bit/s)
[0:00:01] audio=0/0 (bit/s)
[0:00:01] audio=0/0 (bit/s)
[0:00:01] audio=0/0 (bit/s)
[0:00:02] audio=0/0 (bit/s)
[0:00:02] audio=0/0 (bit/s)
[0:00:02] audio=0/0 (bit/s)
[0:00:02] audio=0/0 (bit/s)
[0:00:02] audio=0/0 (bit/s)
[0:00:02] audio=0/0 (bit/s)
[0:00:02] audio=0/0 (bit/s)
[0:00:02] audio=0/0 (bit/s)
[0:00:02] audio=0/0 (bit/s)
[0:00:02] audio=0/0 (bit/s)
[0:00:03] audio=0/0 (bit/s)
[0:00:03] audio=0/0 (bit/s)
[0:00:03] audio=0/0 (bit/s)
[0:00:03] audio=0/0 (bit/s)
[0:00:03] audio=0/0 (bit/s)
[0:00:03] audio=0/0 (bit/s)
[0:00:03] audio=0/0 (bit/s)
[0:00:03] audio=0/0 (bit/s)
[0:00:03] audio=0/0 (bit/s)
[0:00:03] audio=0/0 (bit/s)
[0:00:04] audio=0/0 (bit/s)
[0:00:04] audio=0/0 (bit/s)
[0:00:04] audio=0/0 (bit/s)
[0:00:04] audio=0/0 (bit/s)
[0:00:04] audio=0/0 (bit/s)
[0:00:04] audio=0/0 (bit/s)
[0:00:04] audio=0/0 (bit/s)
[0:00:04] audio=0/0 (bit/s)
[0:00:04] audio=0/0 (bit/s)
[0:00:05] audio=0/0 (bit/s)
aufile: end of file
audio: ausrc - end of file
[0:00:05] audio=0/0 (bit/s)
[0:00:05] audio=0/0 (bit/s)
[0:00:05] audio=0/0 (bit/s)
[0:00:05] audio=0/0 (bit/s)
[0:00:05] audio=0/0 (bit/s)
[0:00:05] audio=0/0 (bit/s)
[0:00:05] audio=0/0 (bit/s)
[0:00:05] audio=0/0 (bit/s)
[0:00:06] audio=44343/63957 (bit/s)
[0:00:06] audio=44343/63957 (bit/s)
[0:00:06] audio=44343/63957 (bit/s)
[0:00:06] audio=44343/63957 (bit/s)
[0:00:06] audio=44343/63957 (bit/s)
[0:00:06] audio=44343/63957 (bit/s)
[0:00:06] audio=44343/63957 (bit/s)
[0:00:06] audio=44343/63957 (bit/s)
[0:00:06] audio=44343/63957 (bit/s)
[0:00:06] audio=44343/63957 (bit/s)
[0:00:07] audio=44343/63957 (bit/s)
[0:00:07] audio=44343/63957 (bit/s)
[0:00:07] audio=44343/63957 (bit/s)
[0:00:07] audio=44343/63957 (bit/s)
[0:00:07] audio=44343/63957 (bit/s)
[0:00:07] audio=44343/63957 (bit/s)
[0:00:07] audio=44343/63957 (bit/s)
[0:00:07] audio=44343/63957 (bit/s)
[0:00:07] audio=44343/63957 (bit/s)
[0:00:07] audio=44343/63957 (bit/s)
[0:00:08] audio=44343/63957 (bit/s)
[0:00:08] audio=44343/63957 (bit/s)
[0:00:08] audio=44343/63957 (bit/s)
[0:00:08] audio=44343/63957 (bit/s)
[0:00:08] audio=44343/63957 (bit/s)
[0:00:08] audio=44343/63957 (bit/s)
[0:00:08] audio=44343/63957 (bit/s)
[0:00:08] audio=44343/63957 (bit/s)
[0:00:08] audio=44343/63957 (bit/s)
[0:00:09] audio=44343/63957 (bit/s)
[0:00:09] audio=0/63702 (bit/s)
[0:00:09] audio=0/63702 (bit/s)
[0:00:09] audio=0/63702 (bit/s)
[0:00:09] audio=0/63702 (bit/s)
[0:00:09] audio=0/63702 (bit/s)
[0:00:09] audio=0/63702 (bit/s)
[0:00:09] audio=0/63702 (bit/s)
[0:00:09] audio=0/63702 (bit/s)
[0:00:09] audio=0/63702 (bit/s)
[0:00:10] audio=0/63702 (bit/s)
[0:00:10] audio=0/63702 (bit/s)
[0:00:10] audio=0/63702 (bit/s)
[0:00:10] audio=0/63702 (bit/s)
[0:00:10] audio=0/63702 (bit/s)
[0:00:10] audio=0/63702 (bit/s)
[0:00:10] audio=0/63702 (bit/s)
[0:00:10] audio=0/63702 (bit/s)
[0:00:10] audio=0/63702 (bit/s)
[0:00:10] audio=0/63702 (bit/s)
[0:00:11] audio=0/63702 (bit/s)
[0:00:11] audio=0/63702 (bit/s)
[0:00:11] audio=0/63702 (bit/s)
[0:00:11] audio=0/63702 (bit/s)
[0:00:11] audio=0/63702 (bit/s)
[0:00:11] audio=0/63702 (bit/s)
[0:00:11] audio=0/63702 (bit/s)
[0:00:11] audio=0/63702 (bit/s)
[0:00:11] audio=0/63702 (bit/s)
[0:00:11] audio=0/63702 (bit/s)
[0:00:12] audio=0/64319 (bit/s)
[0:00:12] audio=0/64319 (bit/s)
[0:00:12] audio=0/64319 (bit/s)
[0:00:12] audio=0/64319 (bit/s)
[0:00:12] audio=0/64319 (bit/s)
[0:00:12] audio=0/64319 (bit/s)
[0:00:12] audio=0/64319 (bit/s)
[0:00:12] audio=0/64319 (bit/s)
[0:00:12] audio=0/64319 (bit/s)
[0:00:12] audio=0/64319 (bit/s)
[0:00:13] audio=0/64319 (bit/s)
[0:00:13] audio=0/64319 (bit/s)
call: terminate call 'f0c3bc9decd843ce' with sip:4267@192.168.6.120:5060
sip:python@140.124.42.67: Call with sip:4267@192.168.6.120:5060 terminated (duration: 13 secs)
audio           Transmit:     Receive:
packets:            233          638
avg. bitrate:      23.3         63.9  (kbit/s)
errors:               0            0
tcp: recv handler: recv(): Unknown error [10053]

--- Baresip run 2026-07-07T21:07:26 ---
baresip v4.9.0 Copyright (C) 2010 - 2025 Alfred E. Heggestad et al.
Local network addresses:
 {E9883888-1437-4B71-ACCC-A557E6C989F3}:  fe80::a24e:6067:1df:b7d0
 {E9883888-1437-4B71-ACCC-A557E6C989F3}:  140.124.42.67
aucodec: PCMU/8000/1
aucodec: PCMA/8000/1
aufilt: auconv
aufilt: auresamp
ausrc: aufile
auplay: aufile
Populated 0 accounts
account: No SIP accounts found
 -- check your config or add an account using 'uanew' command
Populated 2 audio codecs
Populated 2 audio filters
Populated 0 video codecs
Populated 0 video filters
baresip is ready.
tcp: recv handler: recv(): Unknown error [10054]
python@140.124.42.67: selected for request
call: connecting to 'sip:4267@192.168.6.120:5060'..
tcp: send: write(): Unknown error [10053] (fdc=728)
[31mctrl_tcp: failed to send the response (Unknown error [10053])
[;mtcp: recv handler: recv(): Unknown error [10053]
call: SIP Progress: 180 Ringing (/)
aufile: writing speaker audio to nil
python@140.124.42.67: Call answered: sip:4267@192.168.6.120:5060
stream: update 'audio'
audio_recv: Set audio decoder: PCMA 8000Hz 1ch
aufile: writing speaker audio to nil
audio_recv: player started with sample format S16LE
audio: Set audio encoder: PCMA 8000Hz 1ch
aufile: loading input file 'C:/Users/user/Desktop/ip_speaker/logs/baresip_audio_source.wav'
aufile: C:/Users/user/Desktop/ip_speaker/logs/baresip_audio_source.wav: 8000 Hz, 1 channels, S16LE
aufile: audio ptime=20 sampc=160
aufile: read end of file
aufile: loaded 43200 bytes
audio: source started with sample format S16LE
audio tx pipeline:      aufile ---> aubuf ---> auconv ---> auresamp ---> PCMA
audio rx pipeline:      aufile <--- aubuf <--- auconv <--- auresamp <--- PCMA
python@140.124.42.67: Call established: sip:4267@192.168.6.120:5060
[0:00:00] audio=0/0 (bit/s)
[0:00:00] audio=0/0 (bit/s)
[0:00:00] audio=0/0 (bit/s)
[0:00:00] audio=0/0 (bit/s)
[0:00:00] audio=0/0 (bit/s)
[0:00:00] audio=0/0 (bit/s)
[0:00:00] audio=0/0 (bit/s)
[0:00:01] audio=0/0 (bit/s)
[0:00:01] audio=0/0 (bit/s)
[0:00:01] audio=0/0 (bit/s)
[0:00:01] audio=0/0 (bit/s)
[0:00:01] audio=0/0 (bit/s)
[0:00:01] audio=0/0 (bit/s)
[0:00:01] audio=0/0 (bit/s)
[0:00:01] audio=0/0 (bit/s)
[0:00:01] audio=0/0 (bit/s)
[0:00:02] audio=0/0 (bit/s)
[0:00:02] audio=0/0 (bit/s)
[0:00:02] audio=0/0 (bit/s)
[0:00:02] audio=0/0 (bit/s)
[0:00:02] audio=0/0 (bit/s)
[0:00:02] audio=0/0 (bit/s)
[0:00:02] audio=0/0 (bit/s)
[0:00:02] audio=0/0 (bit/s)
[0:00:02] audio=0/0 (bit/s)
[0:00:02] audio=0/0 (bit/s)
aufile: end of file
audio: ausrc - end of file
[0:00:03] audio=0/0 (bit/s)
[0:00:03] audio=0/0 (bit/s)
[0:00:03] audio=0/0 (bit/s)
[0:00:03] audio=0/0 (bit/s)
[0:00:03] audio=0/0 (bit/s)
[0:00:03] audio=0/0 (bit/s)
[0:00:03] audio=0/0 (bit/s)
[0:00:03] audio=0/0 (bit/s)
[0:00:03] audio=0/0 (bit/s)
[0:00:03] audio=0/0 (bit/s)
[0:00:04] audio=0/0 (bit/s)
[0:00:04] audio=0/0 (bit/s)
[0:00:04] audio=0/0 (bit/s)
[0:00:04] audio=0/0 (bit/s)
[0:00:04] audio=0/0 (bit/s)
[0:00:04] audio=0/0 (bit/s)
[0:00:04] audio=0/0 (bit/s)
[0:00:04] audio=0/0 (bit/s)
[0:00:04] audio=0/0 (bit/s)
[0:00:04] audio=0/0 (bit/s)
[0:00:05] audio=0/0 (bit/s)
[0:00:05] audio=0/0 (bit/s)
[0:00:05] audio=0/0 (bit/s)
[0:00:05] audio=0/0 (bit/s)
[0:00:05] audio=0/0 (bit/s)
[0:00:05] audio=0/0 (bit/s)
[0:00:05] audio=0/0 (bit/s)
[0:00:05] audio=5544/63552 (bit/s)
[0:00:05] audio=5544/63552 (bit/s)
[0:00:06] audio=5544/63552 (bit/s)
[0:00:06] audio=5544/63552 (bit/s)
[0:00:06] audio=5544/63552 (bit/s)
[0:00:06] audio=5544/63552 (bit/s)
[0:00:06] audio=5544/63552 (bit/s)
[0:00:06] audio=5544/63552 (bit/s)
[0:00:06] audio=5544/63552 (bit/s)
[0:00:06] audio=5544/63552 (bit/s)
[0:00:06] audio=5544/63552 (bit/s)
[0:00:06] audio=5544/63552 (bit/s)
[0:00:07] audio=5544/63552 (bit/s)
[0:00:07] audio=5544/63552 (bit/s)
[0:00:07] audio=5544/63552 (bit/s)
[0:00:07] audio=5544/63552 (bit/s)
[0:00:07] audio=5544/63552 (bit/s)
[0:00:07] audio=5544/63552 (bit/s)
[0:00:07] audio=5544/63552 (bit/s)
[0:00:07] audio=5544/63552 (bit/s)
[0:00:07] audio=5544/63552 (bit/s)
[0:00:07] audio=5544/63552 (bit/s)
[0:00:08] audio=5544/63552 (bit/s)
[0:00:08] audio=5544/63552 (bit/s)
[0:00:08] audio=5544/63552 (bit/s)
[0:00:08] audio=5544/63552 (bit/s)
[0:00:08] audio=5544/63552 (bit/s)
[0:00:08] audio=5544/63552 (bit/s)
[0:00:08] audio=5544/63552 (bit/s)
[0:00:08] audio=0/64000 (bit/s)
[0:00:08] audio=0/64000 (bit/s)
[0:00:08] audio=0/64000 (bit/s)
[0:00:09] audio=0/64000 (bit/s)
[0:00:09] audio=0/64000 (bit/s)
[0:00:09] audio=0/64000 (bit/s)
[0:00:09] audio=0/64000 (bit/s)
[0:00:09] audio=0/64000 (bit/s)
[0:00:09] audio=0/64000 (bit/s)
[0:00:09] audio=0/64000 (bit/s)
[0:00:09] audio=0/64000 (bit/s)
[0:00:09] audio=0/64000 (bit/s)
[0:00:09] audio=0/64000 (bit/s)
[0:00:10] audio=0/64000 (bit/s)
[0:00:10] audio=0/64000 (bit/s)
[0:00:10] audio=0/64000 (bit/s)
[0:00:10] audio=0/64000 (bit/s)
[0:00:10] audio=0/64000 (bit/s)
[0:00:10] audio=0/64000 (bit/s)
[0:00:10] audio=0/64000 (bit/s)
[0:00:10] audio=0/64000 (bit/s)
call: terminate call '7fbfe295965613b6' with sip:4267@192.168.6.120:5060
sip:python@140.124.42.67: Call with sip:4267@192.168.6.120:5060 terminated (duration: 10 secs)
audio           Transmit:     Receive:
packets:            135          528
avg. bitrate:      16.3         63.8  (kbit/s)
errors:               0            0
tcp: recv handler: recv(): Unknown error [10053]

--- Baresip run 2026-07-07T21:10:58 ---
baresip v4.9.0 Copyright (C) 2010 - 2025 Alfred E. Heggestad et al.
Local network addresses:
 {E9883888-1437-4B71-ACCC-A557E6C989F3}:  fe80::a24e:6067:1df:b7d0
 {E9883888-1437-4B71-ACCC-A557E6C989F3}:  140.124.42.67
aucodec: PCMU/8000/1
aucodec: PCMA/8000/1
aufilt: auconv
aufilt: auresamp
ausrc: aufile
auplay: aufile
ausrc: ausine
Populated 0 accounts
account: No SIP accounts found
 -- check your config or add an account using 'uanew' command
Populated 2 audio codecs
Populated 2 audio filters
Populated 0 video codecs
Populated 0 video filters
baresip is ready.
tcp: recv handler: recv(): Unknown error [10054]
python@140.124.42.67: selected for request
call: connecting to 'sip:4267@192.168.6.120:5060'..
[36;1m21:10:59.292#
UDP 140.124.42.67:5062 -> 192.168.6.120:5060
INVITE sip:4267@192.168.6.120:5060 SIP/2.0
Via: SIP/2.0/UDP 140.124.42.67:5062;branch=z9hG4bK75796e8a8048a8f0;rport
Contact: <sip:python@140.124.42.67:5062>
Max-Forwards: 70
To: <sip:4267@192.168.6.120:5060>
From: <sip:python@140.124.42.67>;tag=56ef22769b315d97
Call-ID: f625130c4900b70c
CSeq: 20315 INVITE
User-Agent: baresip v4.9.0 (AMD64/Windows)
Allow: INVITE,ACK,BYE,CANCEL,OPTIONS,NOTIFY,INFO,MESSAGE,UPDATE,REFER
Supported: gruu,replaces,norefersub
Content-Type: application/sdp
Content-Length: 325
v=0
o=- 976703972 1025901137 IN IP4 140.124.42.67
s=-
c=IN IP4 140.124.42.67
t=0 0
m=audio 4004 RTP/AVP 8 0 101
a=rtpmap:8 PCMA/8000
a=rtpmap:0 PCMU/8000
a=rtpmap:101 telephone-event/8000
a=fmtp:101 0-15
a=sendrecv
a=rtcp-rsize
a=ssrc:588849890 cname:sip:python@140.124.42.67
a=mid:0
a=minptime:20
a=ptime:20
[;m
tcp: send: write(): Unknown error [10053] (fdc=824)
[31mctrl_tcp: failed to send the response (Unknown error [10053])
[;mtcp: recv handler: recv(): Unknown error [10053]
[36;1m21:10:59.334#
UDP 192.168.6.120:5060 -> 140.124.42.67:5062
SIP/2.0 100 Trying
Via: SIP/2.0/UDP 140.124.42.67:5062;rport=5062;received=192.168.6.1;branch=z9hG4bK75796e8a8048a8f0
From: <sip:python@140.124.42.67>;tag=56ef22769b315d97
To: <sip:4267@192.168.6.120:5060>
Call-ID: f625130c4900b70c
CSeq: 20315 INVITE
Content-Length: 0
[;m
[36;1m21:10:59.413#
UDP 192.168.6.120:5060 -> 140.124.42.67:5062
SIP/2.0 180 Ringing
Via: SIP/2.0/UDP 140.124.42.67:5062;rport=5062;received=192.168.6.1;branch=z9hG4bK75796e8a8048a8f0
From: <sip:python@140.124.42.67>;tag=56ef22769b315d97
To: <sip:4267@192.168.6.120:5060>;tag=65f39748
Call-ID: f625130c4900b70c
Contact: <sip:101@192.168.6.120:5060>
CSeq: 20315 INVITE
Content-Length: 0
[;m
call: SIP Progress: 180 Ringing (/)
aufile: writing speaker audio to nil
[36;1m21:10:59.920#
UDP 192.168.6.120:5060 -> 140.124.42.67:5062
SIP/2.0 200 OK
Via: SIP/2.0/UDP 140.124.42.67:5062;rport=5062;received=192.168.6.1;branch=z9hG4bK75796e8a8048a8f0
From: <sip:python@140.124.42.67>;tag=56ef22769b315d97
To: <sip:4267@192.168.6.120:5060>;tag=65f39748
Call-ID: f625130c4900b70c
Contact: <sip:101@192.168.6.120:5060>
CSeq: 20315 INVITE
Allow: INVITE,CANCEL,ACK,BYE,NOTIFY,REFER,OPTIONS,INFO,MESSAGE,UPDATE
Supported: replaces,timer
Content-Type: application/sdp
User-Agent: IPSPK-v1.306
Content-Length: 182
v=0
o=CMI-SIPUA 3205 0 IN IP4 192.168.6.120
s=SIP CALL
c=IN IP4 192.168.6.120
t=0 0
m=audio 20000 RTP/AVP 8 101
a=rtpmap:101 telephone-event/8000
a=fmtp:101 0-15
a=sendrecv
[;m
python@140.124.42.67: Call answered: sip:4267@192.168.6.120:5060
stream: update 'audio'
audio_recv: Set audio decoder: PCMA 8000Hz 1ch
aufile: writing speaker audio to nil
audio_recv: player started with sample format S16LE
audio: Set audio encoder: PCMA 8000Hz 1ch
ausine: 8000 Hz, 1 channels, frequency 1000 Hz CH_MODE: 3
ausine: audio ptime=20 sampc=160
audio: source started with sample format S16LE
audio tx pipeline:      ausine ---> aubuf ---> auconv ---> auresamp ---> PCMA
audio rx pipeline:      aufile <--- aubuf <--- auconv <--- auresamp <--- PCMA
[36;1m21:10:59.939#
UDP 140.124.42.67:5062 -> 192.168.6.120:5060
ACK sip:101@192.168.6.120:5060 SIP/2.0
Via: SIP/2.0/UDP 140.124.42.67:5062;branch=z9hG4bK0eeac419c203c2d4;rport
Max-Forwards: 70
To: <sip:4267@192.168.6.120:5060>;tag=65f39748
From: <sip:python@140.124.42.67>;tag=56ef22769b315d97
Call-ID: f625130c4900b70c
CSeq: 20315 ACK
User-Agent: baresip v4.9.0 (AMD64/Windows)
Content-Length: 0
[;m
python@140.124.42.67: Call established: sip:4267@192.168.6.120:5060
[0:00:01] audio=0/0 (bit/s)
[0:00:01] audio=0/0 (bit/s)
[0:00:01] audio=0/0 (bit/s)
[0:00:01] audio=0/0 (bit/s)
[0:00:01] audio=0/0 (bit/s)
[0:00:01] audio=0/0 (bit/s)
[0:00:01] audio=0/0 (bit/s)
[0:00:01] audio=0/0 (bit/s)
[0:00:01] audio=0/0 (bit/s)
[0:00:01] audio=0/0 (bit/s)
[0:00:02] audio=0/0 (bit/s)
[0:00:02] audio=0/0 (bit/s)
[0:00:02] audio=0/0 (bit/s)
[0:00:02] audio=0/0 (bit/s)
[0:00:02] audio=0/0 (bit/s)
[0:00:02] audio=0/0 (bit/s)
[0:00:02] audio=0/0 (bit/s)
[0:00:02] audio=0/0 (bit/s)
[0:00:02] audio=0/0 (bit/s)
[0:00:03] audio=0/0 (bit/s)
[0:00:03] audio=0/0 (bit/s)
[0:00:03] audio=0/0 (bit/s)
[0:00:03] audio=0/0 (bit/s)
[0:00:03] audio=0/0 (bit/s)
[0:00:03] audio=0/0 (bit/s)
[0:00:03] audio=0/0 (bit/s)
[0:00:03] audio=0/0 (bit/s)
[0:00:03] audio=0/0 (bit/s)
[0:00:03] audio=0/0 (bit/s)
[0:00:04] audio=0/0 (bit/s)
[0:00:04] audio=0/0 (bit/s)
[0:00:04] audio=0/0 (bit/s)
[0:00:04] audio=0/0 (bit/s)
[0:00:04] audio=0/0 (bit/s)
[0:00:04] audio=0/0 (bit/s)
[0:00:04] audio=0/0 (bit/s)
[0:00:04] audio=0/0 (bit/s)
[0:00:04] audio=0/0 (bit/s)
[0:00:05] audio=0/0 (bit/s)
[0:00:05] audio=0/0 (bit/s)
[0:00:05] audio=0/0 (bit/s)
[0:00:05] audio=0/0 (bit/s)
[0:00:05] audio=0/0 (bit/s)
[0:00:05] audio=0/0 (bit/s)
[0:00:05] audio=0/0 (bit/s)
[0:00:05] audio=0/0 (bit/s)
[0:00:05] audio=0/0 (bit/s)
[0:00:05] audio=0/0 (bit/s)
[0:00:06] audio=0/0 (bit/s)
[0:00:06] audio=0/0 (bit/s)
[0:00:06] audio=0/0 (bit/s)
[0:00:06] audio=0/0 (bit/s)
[0:00:06] audio=63552/63978 (bit/s)
[0:00:06] audio=63552/63978 (bit/s)
[0:00:06] audio=63552/63978 (bit/s)
[0:00:06] audio=63552/63978 (bit/s)
[0:00:06] audio=63552/63978 (bit/s)
[0:00:07] audio=63552/63978 (bit/s)
[0:00:07] audio=63552/63978 (bit/s)
[0:00:07] audio=63552/63978 (bit/s)
[0:00:07] audio=63552/63978 (bit/s)
[0:00:07] audio=63552/63978 (bit/s)
[0:00:07] audio=63552/63978 (bit/s)
[0:00:07] audio=63552/63978 (bit/s)
[0:00:07] audio=63552/63978 (bit/s)
[0:00:07] audio=63552/63978 (bit/s)
[0:00:07] audio=63552/63978 (bit/s)
[0:00:08] audio=63552/63978 (bit/s)
[0:00:08] audio=63552/63978 (bit/s)
[0:00:08] audio=63552/63978 (bit/s)
[0:00:08] audio=63552/63978 (bit/s)
[0:00:08] audio=63552/63978 (bit/s)
[0:00:08] audio=63552/63978 (bit/s)
[0:00:08] audio=63552/63978 (bit/s)
[0:00:08] audio=63552/63978 (bit/s)
[0:00:08] audio=63552/63978 (bit/s)
[0:00:08] audio=63552/63978 (bit/s)
[0:00:09] audio=63552/63978 (bit/s)
[0:00:09] audio=63552/63978 (bit/s)
[0:00:09] audio=63552/63978 (bit/s)
[0:00:09] audio=63552/63978 (bit/s)
[0:00:09] audio=64255/64255 (bit/s)
[0:00:09] audio=64255/64255 (bit/s)
[0:00:09] audio=64255/64255 (bit/s)
[0:00:09] audio=64255/64255 (bit/s)
[0:00:09] audio=64255/64255 (bit/s)
[0:00:09] audio=64255/64255 (bit/s)
[0:00:10] audio=64255/64255 (bit/s)
[0:00:10] audio=64255/64255 (bit/s)
[0:00:10] audio=64255/64255 (bit/s)
[0:00:10] audio=64255/64255 (bit/s)
[0:00:10] audio=64255/64255 (bit/s)
[0:00:10] audio=64255/64255 (bit/s)
[0:00:10] audio=64255/64255 (bit/s)
[0:00:10] audio=64255/64255 (bit/s)
[0:00:10] audio=64255/64255 (bit/s)
[0:00:10] audio=64255/64255 (bit/s)
[0:00:11] audio=64255/64255 (bit/s)
[0:00:11] audio=64255/64255 (bit/s)
[0:00:11] audio=64255/64255 (bit/s)
[0:00:11] audio=64255/64255 (bit/s)
[0:00:11] audio=64255/64255 (bit/s)
[0:00:11] audio=64255/64255 (bit/s)
[0:00:11] audio=64255/64255 (bit/s)
[0:00:11] audio=64255/64255 (bit/s)
[0:00:11] audio=64255/64255 (bit/s)
[0:00:11] audio=64255/64255 (bit/s)
[0:00:12] audio=64255/64255 (bit/s)
[0:00:12] audio=64255/64255 (bit/s)
[0:00:12] audio=64255/64255 (bit/s)
[0:00:12] audio=64255/64255 (bit/s)
[0:00:12] audio=64000/64000 (bit/s)
[0:00:12] audio=64000/64000 (bit/s)
[0:00:12] audio=64000/64000 (bit/s)
[0:00:12] audio=64000/64000 (bit/s)
[0:00:12] audio=64000/64000 (bit/s)
[0:00:12] audio=64000/64000 (bit/s)
[0:00:13] audio=64000/64000 (bit/s)
[0:00:13] audio=64000/64000 (bit/s)
[0:00:13] audio=64000/64000 (bit/s)
[0:00:13] audio=64000/64000 (bit/s)
[0:00:13] audio=64000/64000 (bit/s)
call: terminate call 'f625130c4900b70c' with sip:4267@192.168.6.120:5060
[36;1m21:11:12.519#
UDP 140.124.42.67:5062 -> 192.168.6.120:5060
BYE sip:101@192.168.6.120:5060 SIP/2.0
Via: SIP/2.0/UDP 140.124.42.67:5062;branch=z9hG4bKb93bdb9fc243d275;rport
Max-Forwards: 70
To: <sip:4267@192.168.6.120:5060>;tag=65f39748
From: <sip:python@140.124.42.67>;tag=56ef22769b315d97
Call-ID: f625130c4900b70c
CSeq: 20316 BYE
User-Agent: baresip v4.9.0 (AMD64/Windows)
Content-Length: 0
[;m
sip:python@140.124.42.67: Call with sip:4267@192.168.6.120:5060 terminated (duration: 13 secs)
audio           Transmit:     Receive:
packets:            626          629
avg. bitrate:      63.6         63.8  (kbit/s)
errors:               0            0
tcp: recv handler: recv(): Unknown error [10053]
[36;1m21:11:12.560#
UDP 192.168.6.120:5060 -> 140.124.42.67:5062
SIP/2.0 200 OK
Via: SIP/2.0/UDP 140.124.42.67:5062;rport=5062;received=192.168.6.1;branch=z9hG4bKb93bdb9fc243d275
From: <sip:python@140.124.42.67>;tag=56ef22769b315d97
To: <sip:4267@192.168.6.120:5060>;tag=65f39748
Call-ID: f625130c4900b70c
CSeq: 20316 BYE
Content-Length: 0
[;m

--- Baresip run 2026-07-07T21:11:18 ---
baresip v4.9.0 Copyright (C) 2010 - 2025 Alfred E. Heggestad et al.
Local network addresses:
 {E9883888-1437-4B71-ACCC-A557E6C989F3}:  fe80::a24e:6067:1df:b7d0
 {E9883888-1437-4B71-ACCC-A557E6C989F3}:  140.124.42.67
aucodec: PCMU/8000/1
aucodec: PCMA/8000/1
aufilt: auconv
aufilt: auresamp
ausrc: aufile
auplay: aufile
ausrc: ausine
Populated 0 accounts
account: No SIP accounts found
 -- check your config or add an account using 'uanew' command
Populated 2 audio codecs
Populated 2 audio filters
Populated 0 video codecs
Populated 0 video filters
baresip is ready.
tcp: recv handler: recv(): Unknown error [10054]
python@140.124.42.67: selected for request
call: connecting to 'sip:4267@192.168.6.120:5060'..
[36;1m21:11:20.020#
UDP 140.124.42.67:5062 -> 192.168.6.120:5060
INVITE sip:4267@192.168.6.120:5060 SIP/2.0
Via: SIP/2.0/UDP 140.124.42.67:5062;branch=z9hG4bK1d936e41922c9218;rport
Contact: <sip:python@140.124.42.67:5062>
Max-Forwards: 70
To: <sip:4267@192.168.6.120:5060>
From: <sip:python@140.124.42.67>;tag=14c58295f48c7451
Call-ID: eb6a1c86b49f5cbb
CSeq: 10281 INVITE
User-Agent: baresip v4.9.0 (AMD64/Windows)
Allow: INVITE,ACK,BYE,CANCEL,OPTIONS,NOTIFY,INFO,MESSAGE,UPDATE,REFER
Supported: gruu,replaces,norefersub
Content-Type: application/sdp
Content-Length: 326
v=0
o=- 2204665871 988289636 IN IP4 140.124.42.67
s=-
c=IN IP4 140.124.42.67
t=0 0
m=audio 4022 RTP/AVP 8 0 101
a=rtpmap:8 PCMA/8000
a=rtpmap:0 PCMU/8000
a=rtpmap:101 telephone-event/8000
a=fmtp:101 0-15
a=sendrecv
a=rtcp-rsize
a=ssrc:2337270415 cname:sip:python@140.124.42.67
a=mid:0
a=minptime:20
a=ptime:20
[;m
tcp: send: write(): Unknown error [10053] (fdc=876)
[31mctrl_tcp: failed to send the response (Unknown error [10053])
[;mtcp: recv handler: recv(): Unknown error [10053]
[36;1m21:11:20.064#
UDP 192.168.6.120:5060 -> 140.124.42.67:5062
SIP/2.0 100 Trying
Via: SIP/2.0/UDP 140.124.42.67:5062;rport=5062;received=192.168.6.1;branch=z9hG4bK1d936e41922c9218
From: <sip:python@140.124.42.67>;tag=14c58295f48c7451
To: <sip:4267@192.168.6.120:5060>
Call-ID: eb6a1c86b49f5cbb
CSeq: 10281 INVITE
Content-Length: 0
[;m
[36;1m21:11:20.141#
UDP 192.168.6.120:5060 -> 140.124.42.67:5062
SIP/2.0 180 Ringing
Via: SIP/2.0/UDP 140.124.42.67:5062;rport=5062;received=192.168.6.1;branch=z9hG4bK1d936e41922c9218
From: <sip:python@140.124.42.67>;tag=14c58295f48c7451
To: <sip:4267@192.168.6.120:5060>;tag=009fb8d7
Call-ID: eb6a1c86b49f5cbb
Contact: <sip:101@192.168.6.120:5060>
CSeq: 10281 INVITE
Content-Length: 0
[;m
call: SIP Progress: 180 Ringing (/)
aufile: writing speaker audio to nil
[36;1m21:11:20.531#
UDP 192.168.6.120:5060 -> 140.124.42.67:5062
SIP/2.0 200 OK
Via: SIP/2.0/UDP 140.124.42.67:5062;rport=5062;received=192.168.6.1;branch=z9hG4bK1d936e41922c9218
From: <sip:python@140.124.42.67>;tag=14c58295f48c7451
To: <sip:4267@192.168.6.120:5060>;tag=009fb8d7
Call-ID: eb6a1c86b49f5cbb
Contact: <sip:101@192.168.6.120:5060>
CSeq: 10281 INVITE
Allow: INVITE,CANCEL,ACK,BYE,NOTIFY,REFER,OPTIONS,INFO,MESSAGE,UPDATE
Supported: replaces,timer
Content-Type: application/sdp
User-Agent: IPSPK-v1.306
Content-Length: 182
v=0
o=CMI-SIPUA 5005 0 IN IP4 192.168.6.120
s=SIP CALL
c=IN IP4 192.168.6.120
t=0 0
m=audio 20000 RTP/AVP 8 101
a=rtpmap:101 telephone-event/8000
a=fmtp:101 0-15
a=sendrecv
[;m
python@140.124.42.67: Call answered: sip:4267@192.168.6.120:5060
stream: update 'audio'
audio_recv: Set audio decoder: PCMA 8000Hz 1ch
aufile: writing speaker audio to nil
audio_recv: player started with sample format S16LE
audio: Set audio encoder: PCMA 8000Hz 1ch
ausine: 8000 Hz, 1 channels, frequency 1000 Hz CH_MODE: 3
ausine: audio ptime=20 sampc=160
audio: source started with sample format S16LE
audio tx pipeline:      ausine ---> aubuf ---> auconv ---> auresamp ---> PCMA
audio rx pipeline:      aufile <--- aubuf <--- auconv <--- auresamp <--- PCMA
[36;1m21:11:20.555#
UDP 140.124.42.67:5062 -> 192.168.6.120:5060
ACK sip:101@192.168.6.120:5060 SIP/2.0
Via: SIP/2.0/UDP 140.124.42.67:5062;branch=z9hG4bKc3ff29c0c28e0616;rport
Max-Forwards: 70
To: <sip:4267@192.168.6.120:5060>;tag=009fb8d7
From: <sip:python@140.124.42.67>;tag=14c58295f48c7451
Call-ID: eb6a1c86b49f5cbb
CSeq: 10281 ACK
User-Agent: baresip v4.9.0 (AMD64/Windows)
Content-Length: 0
[;m
python@140.124.42.67: Call established: sip:4267@192.168.6.120:5060
[0:00:00] audio=0/0 (bit/s)
[0:00:00] audio=0/0 (bit/s)
[0:00:00] audio=0/0 (bit/s)
[0:00:00] audio=0/0 (bit/s)
[0:00:01] audio=0/0 (bit/s)
[0:00:01] audio=0/0 (bit/s)
[0:00:01] audio=0/0 (bit/s)
[0:00:01] audio=0/0 (bit/s)
[0:00:01] audio=0/0 (bit/s)
[0:00:01] audio=0/0 (bit/s)
[0:00:01] audio=0/0 (bit/s)
[0:00:01] audio=0/0 (bit/s)
[0:00:01] audio=0/0 (bit/s)
[0:00:01] audio=0/0 (bit/s)
[0:00:02] audio=0/0 (bit/s)
[0:00:02] audio=0/0 (bit/s)
[0:00:02] audio=0/0 (bit/s)
[0:00:02] audio=0/0 (bit/s)
[0:00:02] audio=0/0 (bit/s)
[0:00:02] audio=0/0 (bit/s)
[0:00:02] audio=0/0 (bit/s)
[0:00:02] audio=0/0 (bit/s)
[0:00:02] audio=0/0 (bit/s)
[0:00:02] audio=0/0 (bit/s)
[0:00:03] audio=0/0 (bit/s)
[0:00:03] audio=0/0 (bit/s)
[0:00:03] audio=0/0 (bit/s)
[0:00:03] audio=0/0 (bit/s)
[0:00:03] audio=0/0 (bit/s)
[0:00:03] audio=0/0 (bit/s)
[0:00:03] audio=0/0 (bit/s)
[0:00:03] audio=0/0 (bit/s)
[0:00:03] audio=0/0 (bit/s)
[0:00:03] audio=0/0 (bit/s)
[0:00:04] audio=0/0 (bit/s)
[0:00:04] audio=0/0 (bit/s)
[0:00:04] audio=0/0 (bit/s)
[0:00:04] audio=0/0 (bit/s)
[0:00:04] audio=0/0 (bit/s)
[0:00:04] audio=0/0 (bit/s)
[0:00:04] audio=0/0 (bit/s)
[0:00:04] audio=0/0 (bit/s)
[0:00:04] audio=0/0 (bit/s)
[0:00:04] audio=0/0 (bit/s)
[0:00:05] audio=0/0 (bit/s)
[0:00:05] audio=0/0 (bit/s)
[0:00:05] audio=0/0 (bit/s)
[0:00:05] audio=0/0 (bit/s)
[0:00:05] audio=0/0 (bit/s)
[0:00:05] audio=0/0 (bit/s)
[0:00:05] audio=0/0 (bit/s)
[0:00:05] audio=0/0 (bit/s)
[0:00:05] audio=0/0 (bit/s)
[0:00:05] audio=0/0 (bit/s)
[0:00:06] audio=0/0 (bit/s)
[0:00:06] audio=63872/64298 (bit/s)
[0:00:06] audio=63872/64298 (bit/s)
[0:00:06] audio=63872/64298 (bit/s)
[0:00:06] audio=63872/64298 (bit/s)
[0:00:06] audio=63872/64298 (bit/s)
[0:00:06] audio=63872/64298 (bit/s)
[0:00:06] audio=63872/64298 (bit/s)
[0:00:06] audio=63872/64298 (bit/s)
[0:00:06] audio=63872/64298 (bit/s)
[0:00:07] audio=63872/64298 (bit/s)
[0:00:07] audio=63872/64298 (bit/s)
[0:00:07] audio=63872/64298 (bit/s)
[0:00:07] audio=63872/64298 (bit/s)
[0:00:07] audio=63872/64298 (bit/s)
[0:00:07] audio=63872/64298 (bit/s)
[0:00:07] audio=63872/64298 (bit/s)
[0:00:07] audio=63872/64298 (bit/s)
[0:00:07] audio=63872/64298 (bit/s)
[0:00:07] audio=63872/64298 (bit/s)
[0:00:08] audio=63872/64298 (bit/s)
[0:00:08] audio=63872/64298 (bit/s)
[0:00:08] audio=63872/64298 (bit/s)
[0:00:08] audio=63872/64298 (bit/s)
[0:00:08] audio=63872/64298 (bit/s)
[0:00:08] audio=63872/64298 (bit/s)
[0:00:08] audio=63872/64298 (bit/s)
[0:00:08] audio=63872/64298 (bit/s)
[0:00:08] audio=63872/64298 (bit/s)
[0:00:08] audio=63872/64298 (bit/s)
[0:00:09] audio=63872/64298 (bit/s)
[0:00:09] audio=64000/64000 (bit/s)
[0:00:09] audio=64000/64000 (bit/s)
[0:00:09] audio=64000/64000 (bit/s)
[0:00:09] audio=64000/64000 (bit/s)
[0:00:09] audio=64000/64000 (bit/s)
[0:00:09] audio=64000/64000 (bit/s)
[0:00:09] audio=64000/64000 (bit/s)
[0:00:09] audio=64000/64000 (bit/s)
[0:00:09] audio=64000/64000 (bit/s)
[0:00:10] audio=64000/64000 (bit/s)
[0:00:10] audio=64000/64000 (bit/s)
[0:00:10] audio=64000/64000 (bit/s)
[0:00:10] audio=64000/64000 (bit/s)
[0:00:10] audio=64000/64000 (bit/s)
[0:00:10] audio=64000/64000 (bit/s)
[0:00:10] audio=64000/64000 (bit/s)
[0:00:10] audio=64000/64000 (bit/s)
[0:00:10] audio=64000/64000 (bit/s)
[0:00:10] audio=64000/64000 (bit/s)
[0:00:11] audio=64000/64000 (bit/s)
[0:00:11] audio=64000/64000 (bit/s)
[0:00:11] audio=64000/64000 (bit/s)
[0:00:11] audio=64000/64000 (bit/s)
[0:00:11] audio=64000/64000 (bit/s)
[0:00:11] audio=64000/64000 (bit/s)
[0:00:11] audio=64000/64000 (bit/s)
[0:00:11] audio=64000/64000 (bit/s)
[0:00:11] audio=64000/64000 (bit/s)
[0:00:11] audio=64000/64000 (bit/s)
[0:00:12] audio=64000/64000 (bit/s)
[0:00:12] audio=64000/64000 (bit/s)
[0:00:12] audio=64000/64000 (bit/s)
[0:00:12] audio=64000/64000 (bit/s)
[0:00:12] audio=64000/64000 (bit/s)
[0:00:12] audio=64000/64000 (bit/s)
[0:00:12] audio=64000/64000 (bit/s)
[0:00:12] audio=64000/64000 (bit/s)
[0:00:12] audio=64000/64000 (bit/s)
[0:00:12] audio=64000/64000 (bit/s)
[0:00:13] audio=64000/64000 (bit/s)
[0:00:13] audio=64000/64000 (bit/s)
call: terminate call 'eb6a1c86b49f5cbb' with sip:4267@192.168.6.120:5060
[36;1m21:11:33.247#
UDP 140.124.42.67:5062 -> 192.168.6.120:5060
BYE sip:101@192.168.6.120:5060 SIP/2.0
Via: SIP/2.0/UDP 140.124.42.67:5062;branch=z9hG4bKac072389a139670e;rport
Max-Forwards: 70
To: <sip:4267@192.168.6.120:5060>;tag=009fb8d7
From: <sip:python@140.124.42.67>;tag=14c58295f48c7451
Call-ID: eb6a1c86b49f5cbb
CSeq: 10282 BYE
User-Agent: baresip v4.9.0 (AMD64/Windows)
Content-Length: 0
[;m
sip:python@140.124.42.67: Call with sip:4267@192.168.6.120:5060 terminated (duration: 13 secs)
audio           Transmit:     Receive:
packets:            633          634
avg. bitrate:      63.8         63.8  (kbit/s)
errors:               0            0
tcp: recv handler: recv(): Unknown error [10053]
[36;1m21:11:33.290#
UDP 192.168.6.120:5060 -> 140.124.42.67:5062
SIP/2.0 200 OK
Via: SIP/2.0/UDP 140.124.42.67:5062;rport=5062;received=192.168.6.1;branch=z9hG4bKac072389a139670e
From: <sip:python@140.124.42.67>;tag=14c58295f48c7451
To: <sip:4267@192.168.6.120:5060>;tag=009fb8d7
Call-ID: eb6a1c86b49f5cbb
CSeq: 10282 BYE
Content-Length: 0
[;m

--- Baresip run 2026-07-07T21:11:45 ---
baresip v4.9.0 Copyright (C) 2010 - 2025 Alfred E. Heggestad et al.
Local network addresses:
 {E9883888-1437-4B71-ACCC-A557E6C989F3}:  fe80::a24e:6067:1df:b7d0
 {E9883888-1437-4B71-ACCC-A557E6C989F3}:  140.124.42.67
aucodec: PCMU/8000/1
aucodec: PCMA/8000/1
aufilt: auconv
aufilt: auresamp
ausrc: aufile
auplay: aufile
ausrc: ausine
Populated 0 accounts
account: No SIP accounts found
 -- check your config or add an account using 'uanew' command
Populated 2 audio codecs
Populated 2 audio filters
Populated 0 video codecs
Populated 0 video filters
baresip is ready.
tcp: recv handler: recv(): Unknown error [10054]
python@140.124.42.67: selected for request
call: connecting to 'sip:4267@192.168.6.120:5060'..
[36;1m21:11:46.247#
UDP 140.124.42.67:5062 -> 192.168.6.120:5060
INVITE sip:4267@192.168.6.120:5060 SIP/2.0
Via: SIP/2.0/UDP 140.124.42.67:5062;branch=z9hG4bKba70f4c6903a27a4;rport
Contact: <sip:python@140.124.42.67:5062>
Max-Forwards: 70
To: <sip:4267@192.168.6.120:5060>
From: <sip:python@140.124.42.67>;tag=8bc03bdc1519a3f4
Call-ID: e35bec6f4607f462
CSeq: 14580 INVITE
User-Agent: baresip v4.9.0 (AMD64/Windows)
Allow: INVITE,ACK,BYE,CANCEL,OPTIONS,NOTIFY,INFO,MESSAGE,UPDATE,REFER
Supported: gruu,replaces,norefersub
Content-Type: application/sdp
Content-Length: 327
v=0
o=- 3745647650 1741767108 IN IP4 140.124.42.67
s=-
c=IN IP4 140.124.42.67
t=0 0
m=audio 4004 RTP/AVP 8 0 101
a=rtpmap:8 PCMA/8000
a=rtpmap:0 PCMU/8000
a=rtpmap:101 telephone-event/8000
a=fmtp:101 0-15
a=sendrecv
a=rtcp-rsize
a=ssrc:4289719586 cname:sip:python@140.124.42.67
a=mid:0
a=minptime:20
a=ptime:20
[;m
tcp: send: write(): Unknown error [10053] (fdc=160)
[31mctrl_tcp: failed to send the response (Unknown error [10053])
[;mtcp: recv handler: recv(): Unknown error [10053]
[36;1m21:11:46.291#
UDP 192.168.6.120:5060 -> 140.124.42.67:5062
SIP/2.0 100 Trying
Via: SIP/2.0/UDP 140.124.42.67:5062;rport=5062;received=192.168.6.1;branch=z9hG4bKba70f4c6903a27a4
From: <sip:python@140.124.42.67>;tag=8bc03bdc1519a3f4
To: <sip:4267@192.168.6.120:5060>
Call-ID: e35bec6f4607f462
CSeq: 14580 INVITE
Content-Length: 0
[;m
[36;1m21:11:46.371#
UDP 192.168.6.120:5060 -> 140.124.42.67:5062
SIP/2.0 180 Ringing
Via: SIP/2.0/UDP 140.124.42.67:5062;rport=5062;received=192.168.6.1;branch=z9hG4bKba70f4c6903a27a4
From: <sip:python@140.124.42.67>;tag=8bc03bdc1519a3f4
To: <sip:4267@192.168.6.120:5060>;tag=4eb8624f
Call-ID: e35bec6f4607f462
Contact: <sip:101@192.168.6.120:5060>
CSeq: 14580 INVITE
Content-Length: 0
[;m
call: SIP Progress: 180 Ringing (/)
aufile: writing speaker audio to nil
[36;1m21:11:46.729#
UDP 192.168.6.120:5060 -> 140.124.42.67:5062
SIP/2.0 200 OK
Via: SIP/2.0/UDP 140.124.42.67:5062;rport=5062;received=192.168.6.1;branch=z9hG4bKba70f4c6903a27a4
From: <sip:python@140.124.42.67>;tag=8bc03bdc1519a3f4
To: <sip:4267@192.168.6.120:5060>;tag=4eb8624f
Call-ID: e35bec6f4607f462
Contact: <sip:101@192.168.6.120:5060>
CSeq: 14580 INVITE
Allow: INVITE,CANCEL,ACK,BYE,NOTIFY,REFER,OPTIONS,INFO,MESSAGE,UPDATE
Supported: replaces,timer
Content-Type: application/sdp
User-Agent: IPSPK-v1.306
Content-Length: 183
v=0
o=CMI-SIPUA 45551 0 IN IP4 192.168.6.120
s=SIP CALL
c=IN IP4 192.168.6.120
t=0 0
m=audio 20000 RTP/AVP 8 101
a=rtpmap:101 telephone-event/8000
a=fmtp:101 0-15
a=sendrecv
[;m
python@140.124.42.67: Call answered: sip:4267@192.168.6.120:5060
stream: update 'audio'
audio_recv: Set audio decoder: PCMA 8000Hz 1ch
aufile: writing speaker audio to nil
audio_recv: player started with sample format S16LE
audio: Set audio encoder: PCMA 8000Hz 1ch
ausine: 8000 Hz, 1 channels, frequency 1000 Hz CH_MODE: 3
ausine: audio ptime=20 sampc=160
audio: source started with sample format S16LE
audio tx pipeline:      ausine ---> aubuf ---> auconv ---> auresamp ---> PCMA
audio rx pipeline:      aufile <--- aubuf <--- auconv <--- auresamp <--- PCMA
[36;1m21:11:46.742#
UDP 140.124.42.67:5062 -> 192.168.6.120:5060
ACK sip:101@192.168.6.120:5060 SIP/2.0
Via: SIP/2.0/UDP 140.124.42.67:5062;branch=z9hG4bKcd012dbd6b2f65e6;rport
Max-Forwards: 70
To: <sip:4267@192.168.6.120:5060>;tag=4eb8624f
From: <sip:python@140.124.42.67>;tag=8bc03bdc1519a3f4
Call-ID: e35bec6f4607f462
CSeq: 14580 ACK
User-Agent: baresip v4.9.0 (AMD64/Windows)
Content-Length: 0
[;m
python@140.124.42.67: Call established: sip:4267@192.168.6.120:5060
[0:00:00] audio=0/0 (bit/s)
[0:00:00] audio=0/0 (bit/s)
[0:00:01] audio=0/0 (bit/s)
[0:00:01] audio=0/0 (bit/s)
[0:00:01] audio=0/0 (bit/s)
[0:00:01] audio=0/0 (bit/s)
[0:00:01] audio=0/0 (bit/s)
[0:00:01] audio=0/0 (bit/s)
[0:00:01] audio=0/0 (bit/s)
[0:00:01] audio=0/0 (bit/s)
[0:00:01] audio=0/0 (bit/s)
[0:00:01] audio=0/0 (bit/s)
[0:00:02] audio=0/0 (bit/s)
[0:00:02] audio=0/0 (bit/s)
[0:00:02] audio=0/0 (bit/s)
[0:00:02] audio=0/0 (bit/s)
[0:00:02] audio=0/0 (bit/s)
[0:00:02] audio=0/0 (bit/s)
[0:00:02] audio=0/0 (bit/s)
[0:00:02] audio=0/0 (bit/s)
[0:00:02] audio=0/0 (bit/s)
[0:00:02] audio=0/0 (bit/s)
[0:00:03] audio=0/0 (bit/s)
[0:00:03] audio=0/0 (bit/s)
[0:00:03] audio=0/0 (bit/s)
[0:00:03] audio=0/0 (bit/s)
[0:00:03] audio=0/0 (bit/s)
[0:00:03] audio=0/0 (bit/s)
[0:00:03] audio=0/0 (bit/s)
[0:00:03] audio=0/0 (bit/s)
[0:00:03] audio=0/0 (bit/s)
[0:00:03] audio=0/0 (bit/s)
[0:00:04] audio=0/0 (bit/s)
[0:00:04] audio=0/0 (bit/s)
[0:00:04] audio=0/0 (bit/s)
[0:00:04] audio=0/0 (bit/s)
[0:00:04] audio=0/0 (bit/s)
[0:00:04] audio=0/0 (bit/s)
[0:00:04] audio=0/0 (bit/s)
[0:00:04] audio=0/0 (bit/s)
[0:00:04] audio=0/0 (bit/s)
[0:00:05] audio=0/0 (bit/s)
[0:00:05] audio=0/0 (bit/s)
[0:00:05] audio=0/0 (bit/s)
[0:00:05] audio=0/0 (bit/s)
[0:00:05] audio=0/0 (bit/s)
[0:00:05] audio=0/0 (bit/s)
[0:00:05] audio=0/0 (bit/s)
[0:00:05] audio=0/0 (bit/s)
[0:00:05] audio=0/0 (bit/s)
[0:00:05] audio=0/0 (bit/s)
[0:00:06] audio=0/0 (bit/s)
[0:00:06] audio=0/0 (bit/s)
[0:00:06] audio=0/0 (bit/s)
[0:00:06] audio=0/0 (bit/s)
[0:00:06] audio=64000/64000 (bit/s)
[0:00:06] audio=64000/64000 (bit/s)
[0:00:06] audio=64000/64000 (bit/s)
[0:00:06] audio=64000/64000 (bit/s)
[0:00:06] audio=64000/64000 (bit/s)
[0:00:06] audio=64000/64000 (bit/s)
[0:00:07] audio=64000/64000 (bit/s)
[0:00:07] audio=64000/64000 (bit/s)
[0:00:07] audio=64000/64000 (bit/s)
[0:00:07] audio=64000/64000 (bit/s)
[0:00:07] audio=64000/64000 (bit/s)
[0:00:07] audio=64000/64000 (bit/s)
[0:00:07] audio=64000/64000 (bit/s)
[0:00:07] audio=64000/64000 (bit/s)
[0:00:07] audio=64000/64000 (bit/s)
[0:00:07] audio=64000/64000 (bit/s)
[0:00:08] audio=64000/64000 (bit/s)
[0:00:08] audio=64000/64000 (bit/s)
[0:00:08] audio=64000/64000 (bit/s)
[0:00:08] audio=64000/64000 (bit/s)
[0:00:08] audio=64000/64000 (bit/s)
[0:00:08] audio=64000/64000 (bit/s)
[0:00:08] audio=64000/64000 (bit/s)
[0:00:08] audio=64000/64000 (bit/s)
[0:00:08] audio=64000/64000 (bit/s)
[0:00:08] audio=64000/64000 (bit/s)
[0:00:09] audio=64000/64000 (bit/s)
[0:00:09] audio=64000/64000 (bit/s)
[0:00:09] audio=64000/64000 (bit/s)
[0:00:09] audio=64000/64000 (bit/s)
[0:00:09] audio=64000/64000 (bit/s)
[0:00:09] audio=64000/64000 (bit/s)
[0:00:09] audio=64000/64000 (bit/s)
[0:00:09] audio=64000/64000 (bit/s)
[0:00:09] audio=64000/64000 (bit/s)
[0:00:10] audio=64000/64000 (bit/s)
[0:00:10] audio=64000/64000 (bit/s)
[0:00:10] audio=64000/64000 (bit/s)
[0:00:10] audio=64000/64000 (bit/s)
[0:00:10] audio=64000/64000 (bit/s)
[0:00:10] audio=64000/64000 (bit/s)
[0:00:10] audio=64000/64000 (bit/s)
[0:00:10] audio=64000/64000 (bit/s)
[0:00:10] audio=64000/64000 (bit/s)
[0:00:10] audio=64000/64000 (bit/s)
[0:00:11] audio=64000/64000 (bit/s)
[0:00:11] audio=64000/64000 (bit/s)
[0:00:11] audio=64000/64000 (bit/s)
[0:00:11] audio=64000/64000 (bit/s)
[0:00:11] audio=64000/64000 (bit/s)
[0:00:11] audio=64000/64000 (bit/s)
[0:00:11] audio=64000/64000 (bit/s)
[0:00:11] audio=64000/64000 (bit/s)
[0:00:11] audio=64000/64000 (bit/s)
[0:00:11] audio=64000/64000 (bit/s)
[0:00:12] audio=64000/64000 (bit/s)
[0:00:12] audio=64000/64000 (bit/s)
[0:00:12] audio=64000/64000 (bit/s)
[0:00:12] audio=64383/63957 (bit/s)
[0:00:12] audio=64383/63957 (bit/s)
[0:00:12] audio=64383/63957 (bit/s)
[0:00:12] audio=64383/63957 (bit/s)
[0:00:12] audio=64383/63957 (bit/s)
[0:00:12] audio=64383/63957 (bit/s)
[0:00:12] audio=64383/63957 (bit/s)
[0:00:13] audio=64383/63957 (bit/s)
[0:00:13] audio=64383/63957 (bit/s)
[0:00:13] audio=64383/63957 (bit/s)
[0:00:13] audio=64383/63957 (bit/s)
call: terminate call 'e35bec6f4607f462' with sip:4267@192.168.6.120:5060
[36;1m21:11:59.475#
UDP 140.124.42.67:5062 -> 192.168.6.120:5060
BYE sip:101@192.168.6.120:5060 SIP/2.0
Via: SIP/2.0/UDP 140.124.42.67:5062;branch=z9hG4bK713ef36e01f21f9d;rport
Max-Forwards: 70
To: <sip:4267@192.168.6.120:5060>;tag=4eb8624f
From: <sip:python@140.124.42.67>;tag=8bc03bdc1519a3f4
Call-ID: e35bec6f4607f462
CSeq: 14581 BYE
User-Agent: baresip v4.9.0 (AMD64/Windows)
Content-Length: 0
[;m
sip:python@140.124.42.67: Call with sip:4267@192.168.6.120:5060 terminated (duration: 13 secs)
audio           Transmit:     Receive:
packets:            635          637
avg. bitrate:      63.7         63.9  (kbit/s)
errors:               0            0
tcp: recv handler: recv(): Unknown error [10053]
[36;1m21:11:59.522#
UDP 192.168.6.120:5060 -> 140.124.42.67:5062
SIP/2.0 200 OK
Via: SIP/2.0/UDP 140.124.42.67:5062;rport=5062;received=192.168.6.1;branch=z9hG4bK713ef36e01f21f9d
From: <sip:python@140.124.42.67>;tag=8bc03bdc1519a3f4
To: <sip:4267@192.168.6.120:5060>;tag=4eb8624f
Call-ID: e35bec6f4607f462
CSeq: 14581 BYE
Content-Length: 0
[;m

--- Baresip run 2026-07-07T21:16:39 ---
baresip v4.9.0 Copyright (C) 2010 - 2025 Alfred E. Heggestad et al.
Local network addresses:
 {E9883888-1437-4B71-ACCC-A557E6C989F3}:  fe80::a24e:6067:1df:b7d0
 {E9883888-1437-4B71-ACCC-A557E6C989F3}:  140.124.42.67
aucodec: PCMU/8000/1
aucodec: PCMA/8000/1
aufilt: auconv
aufilt: auresamp
ausrc: aufile
auplay: aufile
ausrc: ausine
Populated 0 accounts
account: No SIP accounts found
 -- check your config or add an account using 'uanew' command
Populated 2 audio codecs
Populated 2 audio filters
Populated 0 video codecs
Populated 0 video filters
baresip is ready.
tcp: recv handler: recv(): Unknown error [10054]
101@140.124.42.67: selected for request
call: connecting to 'sip:4267@192.168.6.120:5060'..
[36;1m21:16:40.102#
UDP 140.124.42.67:5062 -> 192.168.6.120:5060
INVITE sip:4267@192.168.6.120:5060 SIP/2.0
Via: SIP/2.0/UDP 140.124.42.67:5062;branch=z9hG4bK6dfc9f9214725081;rport
Contact: <sip:101@140.124.42.67:5062>
Max-Forwards: 70
To: <sip:4267@192.168.6.120:5060>
From: <sip:101@140.124.42.67>;tag=b165127e6cad787d
Call-ID: 702a8be417885729
CSeq: 55507 INVITE
User-Agent: baresip v4.9.0 (AMD64/Windows)
Allow: INVITE,ACK,BYE,CANCEL,OPTIONS,NOTIFY,INFO,MESSAGE,UPDATE,REFER
Supported: gruu,replaces,norefersub
Content-Type: application/sdp
Content-Length: 323
v=0
o=- 1886935733 485590880 IN IP4 140.124.42.67
s=-
c=IN IP4 140.124.42.67
t=0 0
m=audio 4014 RTP/AVP 8 0 101
a=rtpmap:8 PCMA/8000
a=rtpmap:0 PCMU/8000
a=rtpmap:101 telephone-event/8000
a=fmtp:101 0-15
a=sendrecv
a=rtcp-rsize
a=ssrc:3602710670 cname:sip:101@140.124.42.67
a=mid:0
a=minptime:20
a=ptime:20
[;m
tcp: send: write(): Unknown error [10053] (fdc=628)
[31mctrl_tcp: failed to send the response (Unknown error [10053])
[;mtcp: recv handler: recv(): Unknown error [10053]
[36;1m21:16:40.146#
UDP 192.168.6.120:5060 -> 140.124.42.67:5062
SIP/2.0 100 Trying
Via: SIP/2.0/UDP 140.124.42.67:5062;rport=5062;received=192.168.6.1;branch=z9hG4bK6dfc9f9214725081
From: <sip:101@140.124.42.67>;tag=b165127e6cad787d
To: <sip:4267@192.168.6.120:5060>
Call-ID: 702a8be417885729
CSeq: 55507 INVITE
Content-Length: 0
[;m
[36;1m21:16:40.228#
UDP 192.168.6.120:5060 -> 140.124.42.67:5062
SIP/2.0 180 Ringing
Via: SIP/2.0/UDP 140.124.42.67:5062;rport=5062;received=192.168.6.1;branch=z9hG4bK6dfc9f9214725081
From: <sip:101@140.124.42.67>;tag=b165127e6cad787d
To: <sip:4267@192.168.6.120:5060>;tag=46820f74
Call-ID: 702a8be417885729
Contact: <sip:101@192.168.6.120:5060>
CSeq: 55507 INVITE
Content-Length: 0
[;m
call: SIP Progress: 180 Ringing (/)
aufile: writing speaker audio to nil
[36;1m21:16:40.724#
UDP 192.168.6.120:5060 -> 140.124.42.67:5062
SIP/2.0 200 OK
Via: SIP/2.0/UDP 140.124.42.67:5062;rport=5062;received=192.168.6.1;branch=z9hG4bK6dfc9f9214725081
From: <sip:101@140.124.42.67>;tag=b165127e6cad787d
To: <sip:4267@192.168.6.120:5060>;tag=46820f74
Call-ID: 702a8be417885729
Contact: <sip:101@192.168.6.120:5060>
CSeq: 55507 INVITE
Allow: INVITE,CANCEL,ACK,BYE,NOTIFY,REFER,OPTIONS,INFO,MESSAGE,UPDATE
Supported: replaces,timer
Content-Type: application/sdp
User-Agent: IPSPK-v1.306
Content-Length: 183
v=0
o=CMI-SIPUA 22334 0 IN IP4 192.168.6.120
s=SIP CALL
c=IN IP4 192.168.6.120
t=0 0
m=audio 20000 RTP/AVP 8 101
a=rtpmap:101 telephone-event/8000
a=fmtp:101 0-15
a=sendrecv
[;m
101@140.124.42.67: Call answered: sip:4267@192.168.6.120:5060
stream: update 'audio'
audio_recv: Set audio decoder: PCMA 8000Hz 1ch
aufile: writing speaker audio to nil
audio_recv: player started with sample format S16LE
audio: Set audio encoder: PCMA 8000Hz 1ch
ausine: 8000 Hz, 1 channels, frequency 1000 Hz CH_MODE: 3
ausine: audio ptime=20 sampc=160
audio: source started with sample format S16LE
audio tx pipeline:      ausine ---> aubuf ---> auconv ---> auresamp ---> PCMA
audio rx pipeline:      aufile <--- aubuf <--- auconv <--- auresamp <--- PCMA
[36;1m21:16:40.750#
UDP 140.124.42.67:5062 -> 192.168.6.120:5060
ACK sip:101@192.168.6.120:5060 SIP/2.0
Via: SIP/2.0/UDP 140.124.42.67:5062;branch=z9hG4bK6c8c6eecec2da9ee;rport
Max-Forwards: 70
To: <sip:4267@192.168.6.120:5060>;tag=46820f74
From: <sip:101@140.124.42.67>;tag=b165127e6cad787d
Call-ID: 702a8be417885729
CSeq: 55507 ACK
User-Agent: baresip v4.9.0 (AMD64/Windows)
Content-Length: 0
[;m
101@140.124.42.67: Call established: sip:4267@192.168.6.120:5060
[0:00:00] audio=0/0 (bit/s)
[0:00:00] audio=0/0 (bit/s)
[0:00:01] audio=0/0 (bit/s)
[0:00:01] audio=0/0 (bit/s)
[0:00:01] audio=0/0 (bit/s)
[0:00:01] audio=0/0 (bit/s)
[0:00:01] audio=0/0 (bit/s)
[0:00:01] audio=0/0 (bit/s)
[0:00:01] audio=0/0 (bit/s)
[0:00:01] audio=0/0 (bit/s)
[0:00:01] audio=0/0 (bit/s)
[0:00:01] audio=0/0 (bit/s)
[0:00:02] audio=0/0 (bit/s)
[0:00:02] audio=0/0 (bit/s)
[0:00:02] audio=0/0 (bit/s)
[0:00:02] audio=0/0 (bit/s)
[0:00:02] audio=0/0 (bit/s)
[0:00:02] audio=0/0 (bit/s)
[0:00:02] audio=0/0 (bit/s)
[0:00:02] audio=0/0 (bit/s)
[0:00:02] audio=0/0 (bit/s)
[0:00:03] audio=0/0 (bit/s)
[0:00:03] audio=0/0 (bit/s)
[0:00:03] audio=0/0 (bit/s)
[0:00:03] audio=0/0 (bit/s)
[0:00:03] audio=0/0 (bit/s)
[0:00:03] audio=0/0 (bit/s)
[0:00:03] audio=0/0 (bit/s)
[0:00:03] audio=0/0 (bit/s)
[0:00:03] audio=0/0 (bit/s)
[0:00:03] audio=0/0 (bit/s)
[0:00:04] audio=0/0 (bit/s)
[0:00:04] audio=0/0 (bit/s)
[0:00:04] audio=0/0 (bit/s)
[0:00:04] audio=0/0 (bit/s)
[0:00:04] audio=0/0 (bit/s)
[0:00:04] audio=0/0 (bit/s)
[0:00:04] audio=0/0 (bit/s)
[0:00:04] audio=0/0 (bit/s)
[0:00:04] audio=0/0 (bit/s)
[0:00:04] audio=0/0 (bit/s)
[0:00:05] audio=0/0 (bit/s)
[0:00:05] audio=0/0 (bit/s)
[0:00:05] audio=0/0 (bit/s)
[0:00:05] audio=0/0 (bit/s)
[0:00:05] audio=0/0 (bit/s)
[0:00:05] audio=0/0 (bit/s)
[0:00:05] audio=0/0 (bit/s)
[0:00:05] audio=0/0 (bit/s)
[0:00:05] audio=0/0 (bit/s)
[0:00:05] audio=0/0 (bit/s)
[0:00:06] audio=0/0 (bit/s)
[0:00:06] audio=0/0 (bit/s)
[0:00:06] audio=64426/64000 (bit/s)
[0:00:06] audio=64426/64000 (bit/s)
[0:00:06] audio=64426/64000 (bit/s)
[0:00:06] audio=64426/64000 (bit/s)
[0:00:06] audio=64426/64000 (bit/s)
[0:00:06] audio=64426/64000 (bit/s)
[0:00:06] audio=64426/64000 (bit/s)
[0:00:06] audio=64426/64000 (bit/s)
[0:00:07] audio=64426/64000 (bit/s)
[0:00:07] audio=64426/64000 (bit/s)
[0:00:07] audio=64426/64000 (bit/s)
[0:00:07] audio=64426/64000 (bit/s)
[0:00:07] audio=64426/64000 (bit/s)
[0:00:07] audio=64426/64000 (bit/s)
[0:00:07] audio=64426/64000 (bit/s)
[0:00:07] audio=64426/64000 (bit/s)
[0:00:07] audio=64426/64000 (bit/s)
[0:00:07] audio=64426/64000 (bit/s)
[0:00:08] audio=64426/64000 (bit/s)
[0:00:08] audio=64426/64000 (bit/s)
[0:00:08] audio=64426/64000 (bit/s)
[0:00:08] audio=64426/64000 (bit/s)
[0:00:08] audio=64426/64000 (bit/s)
[0:00:08] audio=64426/64000 (bit/s)
[0:00:08] audio=64426/64000 (bit/s)
[0:00:08] audio=64426/64000 (bit/s)
[0:00:08] audio=64426/64000 (bit/s)
[0:00:08] audio=64426/64000 (bit/s)
[0:00:09] audio=64426/64000 (bit/s)
[0:00:09] audio=64426/64000 (bit/s)
[0:00:09] audio=63573/64000 (bit/s)
[0:00:09] audio=63573/64000 (bit/s)
[0:00:09] audio=63573/64000 (bit/s)
[0:00:09] audio=63573/64000 (bit/s)
[0:00:09] audio=63573/64000 (bit/s)
[0:00:09] audio=63573/64000 (bit/s)
[0:00:09] audio=63573/64000 (bit/s)
[0:00:09] audio=63573/64000 (bit/s)
[0:00:10] audio=63573/64000 (bit/s)
[0:00:10] audio=63573/64000 (bit/s)
[0:00:10] audio=63573/64000 (bit/s)
[0:00:10] audio=63573/64000 (bit/s)
[0:00:10] audio=63573/64000 (bit/s)
[0:00:10] audio=63573/64000 (bit/s)
[0:00:10] audio=63573/64000 (bit/s)
[0:00:10] audio=63573/64000 (bit/s)
[0:00:10] audio=63573/64000 (bit/s)
[0:00:10] audio=63573/64000 (bit/s)
[0:00:11] audio=63573/64000 (bit/s)
[0:00:11] audio=63573/64000 (bit/s)
[0:00:11] audio=63573/64000 (bit/s)
[0:00:11] audio=63573/64000 (bit/s)
[0:00:11] audio=63573/64000 (bit/s)
[0:00:11] audio=63573/64000 (bit/s)
[0:00:11] audio=63573/64000 (bit/s)
[0:00:11] audio=63573/64000 (bit/s)
[0:00:11] audio=63573/64000 (bit/s)
[0:00:11] audio=63573/64000 (bit/s)
[0:00:12] audio=63573/64000 (bit/s)
[0:00:12] audio=63573/64000 (bit/s)
[0:00:12] audio=64000/64000 (bit/s)
[0:00:12] audio=64000/64000 (bit/s)
[0:00:12] audio=64000/64000 (bit/s)
[0:00:12] audio=64000/64000 (bit/s)
[0:00:12] audio=64000/64000 (bit/s)
[0:00:12] audio=64000/64000 (bit/s)
[0:00:12] audio=64000/64000 (bit/s)
[0:00:12] audio=64000/64000 (bit/s)
[0:00:13] audio=64000/64000 (bit/s)
[0:00:13] audio=64000/64000 (bit/s)
[0:00:13] audio=64000/64000 (bit/s)
call: terminate call '702a8be417885729' with sip:4267@192.168.6.120:5060
[36;1m21:16:53.329#
UDP 140.124.42.67:5062 -> 192.168.6.120:5060
BYE sip:101@192.168.6.120:5060 SIP/2.0
Via: SIP/2.0/UDP 140.124.42.67:5062;branch=z9hG4bK48157a6420d5f668;rport
Max-Forwards: 70
To: <sip:4267@192.168.6.120:5060>;tag=46820f74
From: <sip:101@140.124.42.67>;tag=b165127e6cad787d
Call-ID: 702a8be417885729
CSeq: 55508 BYE
User-Agent: baresip v4.9.0 (AMD64/Windows)
Content-Length: 0
[;m
sip:101@140.124.42.67: Call with sip:4267@192.168.6.120:5060 terminated (duration: 13 secs)
audio           Transmit:     Receive:
packets:            627          629
avg. bitrate:      63.6         63.8  (kbit/s)
errors:               0            0
[36;1m21:16:53.387#
UDP 192.168.6.120:5060 -> 140.124.42.67:5062
SIP/2.0 200 OK
Via: SIP/2.0/UDP 140.124.42.67:5062;rport=5062;received=192.168.6.1;branch=z9hG4bK48157a6420d5f668
From: <sip:101@140.124.42.67>;tag=b165127e6cad787d
To: <sip:4267@192.168.6.120:5060>;tag=46820f74
Call-ID: 702a8be417885729
CSeq: 55508 BYE
Content-Length: 0
[;m
tcp: recv handler: recv(): Unknown error [10053]

--- Baresip run 2026-07-07T21:17:02 ---
baresip v4.9.0 Copyright (C) 2010 - 2025 Alfred E. Heggestad et al.
Local network addresses:
 {E9883888-1437-4B71-ACCC-A557E6C989F3}:  fe80::a24e:6067:1df:b7d0
 {E9883888-1437-4B71-ACCC-A557E6C989F3}:  140.124.42.67
aucodec: PCMU/8000/1
aucodec: PCMA/8000/1
aufilt: auconv
aufilt: auresamp
ausrc: aufile
auplay: aufile
ausrc: ausine
Populated 0 accounts
account: No SIP accounts found
 -- check your config or add an account using 'uanew' command
Populated 2 audio codecs
Populated 2 audio filters
Populated 0 video codecs
Populated 0 video filters
baresip is ready.
tcp: recv handler: recv(): Unknown error [10054]
101@140.124.42.67: selected for request
call: connecting to 'sip:4267@192.168.6.120:5060'..
[36;1m21:17:03.539#
UDP 140.124.42.67:5062 -> 192.168.6.120:5060
INVITE sip:4267@192.168.6.120:5060 SIP/2.0
Via: SIP/2.0/UDP 140.124.42.67:5062;branch=z9hG4bK52b2376d0a551baa;rport
Contact: <sip:101@140.124.42.67:5062>
Max-Forwards: 70
To: <sip:4267@192.168.6.120:5060>
From: <sip:101@140.124.42.67>;tag=18b301ecb0670112
Call-ID: e63171882d753932
CSeq: 32100 INVITE
User-Agent: baresip v4.9.0 (AMD64/Windows)
Allow: INVITE,ACK,BYE,CANCEL,OPTIONS,NOTIFY,INFO,MESSAGE,UPDATE,REFER
Supported: gruu,replaces,norefersub
Content-Type: application/sdp
Content-Length: 322
v=0
o=- 495457380 308487428 IN IP4 140.124.42.67
s=-
c=IN IP4 140.124.42.67
t=0 0
m=audio 4004 RTP/AVP 8 0 101
a=rtpmap:8 PCMA/8000
a=rtpmap:0 PCMU/8000
a=rtpmap:101 telephone-event/8000
a=fmtp:101 0-15
a=sendrecv
a=rtcp-rsize
a=ssrc:2484630545 cname:sip:101@140.124.42.67
a=mid:0
a=minptime:20
a=ptime:20
[;m
tcp: send: write(): Unknown error [10053] (fdc=728)
[31mctrl_tcp: failed to send the response (Unknown error [10053])
[;mtcp: recv handler: recv(): Unknown error [10053]
[36;1m21:17:03.583#
UDP 192.168.6.120:5060 -> 140.124.42.67:5062
SIP/2.0 100 Trying
Via: SIP/2.0/UDP 140.124.42.67:5062;rport=5062;received=192.168.6.1;branch=z9hG4bK52b2376d0a551baa
From: <sip:101@140.124.42.67>;tag=18b301ecb0670112
To: <sip:4267@192.168.6.120:5060>
Call-ID: e63171882d753932
CSeq: 32100 INVITE
Content-Length: 0
[;m
[36;1m21:17:03.659#
UDP 192.168.6.120:5060 -> 140.124.42.67:5062
SIP/2.0 180 Ringing
Via: SIP/2.0/UDP 140.124.42.67:5062;rport=5062;received=192.168.6.1;branch=z9hG4bK52b2376d0a551baa
From: <sip:101@140.124.42.67>;tag=18b301ecb0670112
To: <sip:4267@192.168.6.120:5060>;tag=0237f5ab
Call-ID: e63171882d753932
Contact: <sip:101@192.168.6.120:5060>
CSeq: 32100 INVITE
Content-Length: 0
[;m
call: SIP Progress: 180 Ringing (/)
aufile: writing speaker audio to nil
[36;1m21:17:04.136#
UDP 192.168.6.120:5060 -> 140.124.42.67:5062
SIP/2.0 200 OK
Via: SIP/2.0/UDP 140.124.42.67:5062;rport=5062;received=192.168.6.1;branch=z9hG4bK52b2376d0a551baa
From: <sip:101@140.124.42.67>;tag=18b301ecb0670112
To: <sip:4267@192.168.6.120:5060>;tag=0237f5ab
Call-ID: e63171882d753932
Contact: <sip:101@192.168.6.120:5060>
CSeq: 32100 INVITE
Allow: INVITE,CANCEL,ACK,BYE,NOTIFY,REFER,OPTIONS,INFO,MESSAGE,UPDATE
Supported: replaces,timer
Content-Type: application/sdp
User-Agent: IPSPK-v1.306
Content-Length: 182
v=0
o=CMI-SIPUA 9982 0 IN IP4 192.168.6.120
s=SIP CALL
c=IN IP4 192.168.6.120
t=0 0
m=audio 20000 RTP/AVP 8 101
a=rtpmap:101 telephone-event/8000
a=fmtp:101 0-15
a=sendrecv
[;m
101@140.124.42.67: Call answered: sip:4267@192.168.6.120:5060
stream: update 'audio'
audio_recv: Set audio decoder: PCMA 8000Hz 1ch
aufile: writing speaker audio to nil
audio_recv: player started with sample format S16LE
audio: Set audio encoder: PCMA 8000Hz 1ch
ausine: 8000 Hz, 1 channels, frequency 1000 Hz CH_MODE: 3
ausine: audio ptime=20 sampc=160
audio: source started with sample format S16LE
audio tx pipeline:      ausine ---> aubuf ---> auconv ---> auresamp ---> PCMA
audio rx pipeline:      aufile <--- aubuf <--- auconv <--- auresamp <--- PCMA
[36;1m21:17:04.149#
UDP 140.124.42.67:5062 -> 192.168.6.120:5060
ACK sip:101@192.168.6.120:5060 SIP/2.0
Via: SIP/2.0/UDP 140.124.42.67:5062;branch=z9hG4bK5db5f4d9ca28a57f;rport
Max-Forwards: 70
To: <sip:4267@192.168.6.120:5060>;tag=0237f5ab
From: <sip:101@140.124.42.67>;tag=18b301ecb0670112
Call-ID: e63171882d753932
CSeq: 32100 ACK
User-Agent: baresip v4.9.0 (AMD64/Windows)
Content-Length: 0
[;m
101@140.124.42.67: Call established: sip:4267@192.168.6.120:5060
[0:00:00] audio=0/0 (bit/s)
[0:00:00] audio=0/0 (bit/s)
[0:00:00] audio=0/0 (bit/s)
[0:00:00] audio=0/0 (bit/s)
[0:00:00] audio=0/0 (bit/s)
[0:00:00] audio=0/0 (bit/s)
[0:00:00] audio=0/0 (bit/s)
[0:00:00] audio=0/0 (bit/s)
[0:00:01] audio=0/0 (bit/s)
[0:00:01] audio=0/0 (bit/s)
[0:00:01] audio=0/0 (bit/s)
[0:00:01] audio=0/0 (bit/s)
[0:00:01] audio=0/0 (bit/s)
[0:00:01] audio=0/0 (bit/s)
[0:00:01] audio=0/0 (bit/s)
[0:00:01] audio=0/0 (bit/s)
[0:00:01] audio=0/0 (bit/s)
[0:00:01] audio=0/0 (bit/s)
[0:00:02] audio=0/0 (bit/s)
[0:00:02] audio=0/0 (bit/s)
[0:00:02] audio=0/0 (bit/s)
[0:00:02] audio=0/0 (bit/s)
[0:00:02] audio=0/0 (bit/s)
[0:00:02] audio=0/0 (bit/s)
[0:00:02] audio=0/0 (bit/s)
[0:00:02] audio=0/0 (bit/s)
[0:00:02] audio=0/0 (bit/s)
[0:00:02] audio=0/0 (bit/s)
[0:00:03] audio=0/0 (bit/s)
[0:00:03] audio=0/0 (bit/s)
[0:00:03] audio=0/0 (bit/s)
[0:00:03] audio=0/0 (bit/s)
[0:00:03] audio=0/0 (bit/s)
[0:00:03] audio=0/0 (bit/s)
[0:00:03] audio=0/0 (bit/s)
[0:00:03] audio=0/0 (bit/s)
[0:00:03] audio=0/0 (bit/s)
[0:00:03] audio=0/0 (bit/s)
[0:00:04] audio=0/0 (bit/s)
[0:00:04] audio=0/0 (bit/s)
[0:00:04] audio=0/0 (bit/s)
[0:00:04] audio=0/0 (bit/s)
[0:00:04] audio=0/0 (bit/s)
[0:00:04] audio=0/0 (bit/s)
[0:00:04] audio=0/0 (bit/s)
[0:00:04] audio=0/0 (bit/s)
[0:00:04] audio=0/0 (bit/s)
[0:00:04] audio=0/0 (bit/s)
[0:00:05] audio=0/0 (bit/s)
[0:00:05] audio=0/0 (bit/s)
[0:00:05] audio=0/0 (bit/s)
[0:00:05] audio=0/0 (bit/s)
[0:00:05] audio=0/0 (bit/s)
[0:00:05] audio=0/0 (bit/s)
[0:00:05] audio=63936/64362 (bit/s)
[0:00:05] audio=63936/64362 (bit/s)
[0:00:05] audio=63936/64362 (bit/s)
[0:00:05] audio=63936/64362 (bit/s)
[0:00:06] audio=63936/64362 (bit/s)
[0:00:06] audio=63936/64362 (bit/s)
[0:00:06] audio=63936/64362 (bit/s)
[0:00:06] audio=63936/64362 (bit/s)
[0:00:06] audio=63936/64362 (bit/s)
[0:00:06] audio=63936/64362 (bit/s)
[0:00:06] audio=63936/64362 (bit/s)
[0:00:06] audio=63936/64362 (bit/s)
[0:00:06] audio=63936/64362 (bit/s)
[0:00:07] audio=63936/64362 (bit/s)
[0:00:07] audio=63936/64362 (bit/s)
[0:00:07] audio=63936/64362 (bit/s)
[0:00:07] audio=63936/64362 (bit/s)
[0:00:07] audio=63936/64362 (bit/s)
[0:00:07] audio=63936/64362 (bit/s)
[0:00:07] audio=63936/64362 (bit/s)
[0:00:07] audio=63936/64362 (bit/s)
[0:00:07] audio=63936/64362 (bit/s)
[0:00:07] audio=63936/64362 (bit/s)
[0:00:08] audio=63936/64362 (bit/s)
[0:00:08] audio=63936/64362 (bit/s)
[0:00:08] audio=63936/64362 (bit/s)
[0:00:08] audio=63936/64362 (bit/s)
[0:00:08] audio=63936/64362 (bit/s)
[0:00:08] audio=63936/64362 (bit/s)
[0:00:08] audio=63936/64362 (bit/s)
[0:00:08] audio=64000/64000 (bit/s)
[0:00:08] audio=64000/64000 (bit/s)
[0:00:08] audio=64000/64000 (bit/s)
[0:00:09] audio=64000/64000 (bit/s)
[0:00:09] audio=64000/64000 (bit/s)
[0:00:09] audio=64000/64000 (bit/s)
[0:00:09] audio=64000/64000 (bit/s)
[0:00:09] audio=64000/64000 (bit/s)
[0:00:09] audio=64000/64000 (bit/s)
[0:00:09] audio=64000/64000 (bit/s)
[0:00:09] audio=64000/64000 (bit/s)
[0:00:09] audio=64000/64000 (bit/s)
[0:00:09] audio=64000/64000 (bit/s)
[0:00:10] audio=64000/64000 (bit/s)
[0:00:10] audio=64000/64000 (bit/s)
[0:00:10] audio=64000/64000 (bit/s)
[0:00:10] audio=64000/64000 (bit/s)
[0:00:10] audio=64000/64000 (bit/s)
[0:00:10] audio=64000/64000 (bit/s)
[0:00:10] audio=64000/64000 (bit/s)
[0:00:10] audio=64000/64000 (bit/s)
[0:00:10] audio=64000/64000 (bit/s)
[0:00:10] audio=64000/64000 (bit/s)
[0:00:11] audio=64000/64000 (bit/s)
[0:00:11] audio=64000/64000 (bit/s)
[0:00:11] audio=64000/64000 (bit/s)
[0:00:11] audio=64000/64000 (bit/s)
[0:00:11] audio=64000/64000 (bit/s)
[0:00:11] audio=64000/64000 (bit/s)
[0:00:11] audio=64000/64000 (bit/s)
[0:00:11] audio=64000/64000 (bit/s)
[0:00:11] audio=64000/64000 (bit/s)
[0:00:11] audio=64000/64000 (bit/s)
[0:00:12] audio=64000/64000 (bit/s)
[0:00:12] audio=64000/64000 (bit/s)
[0:00:12] audio=64000/64000 (bit/s)
[0:00:12] audio=64000/64000 (bit/s)
[0:00:12] audio=64000/64000 (bit/s)
[0:00:12] audio=64000/64000 (bit/s)
[0:00:12] audio=64000/64000 (bit/s)
call: terminate call 'e63171882d753932' with sip:4267@192.168.6.120:5060
[36;1m21:17:16.777#
UDP 140.124.42.67:5062 -> 192.168.6.120:5060
BYE sip:101@192.168.6.120:5060 SIP/2.0
Via: SIP/2.0/UDP 140.124.42.67:5062;branch=z9hG4bKbb8f30f3f36115f1;rport
Max-Forwards: 70
To: <sip:4267@192.168.6.120:5060>;tag=0237f5ab
From: <sip:101@140.124.42.67>;tag=18b301ecb0670112
Call-ID: e63171882d753932
CSeq: 32101 BYE
User-Agent: baresip v4.9.0 (AMD64/Windows)
Content-Length: 0
[;m
sip:101@140.124.42.67: Call with sip:4267@192.168.6.120:5060 terminated (duration: 12 secs)
audio           Transmit:     Receive:
packets:            629          631
avg. bitrate:      63.6         63.8  (kbit/s)
errors:               0            0
[36;1m21:17:16.824#
UDP 192.168.6.120:5060 -> 140.124.42.67:5062
SIP/2.0 200 OK
Via: SIP/2.0/UDP 140.124.42.67:5062;rport=5062;received=192.168.6.1;branch=z9hG4bKbb8f30f3f36115f1
From: <sip:101@140.124.42.67>;tag=18b301ecb0670112
To: <sip:4267@192.168.6.120:5060>;tag=0237f5ab
Call-ID: e63171882d753932
CSeq: 32101 BYE
Content-Length: 0
[;m
tcp: recv handler: recv(): Unknown error [10053]

--- Baresip run 2026-07-07T21:17:35 ---
baresip v4.9.0 Copyright (C) 2010 - 2025 Alfred E. Heggestad et al.
Local network addresses:
 {E9883888-1437-4B71-ACCC-A557E6C989F3}:  fe80::a24e:6067:1df:b7d0
 {E9883888-1437-4B71-ACCC-A557E6C989F3}:  140.124.42.67
aucodec: PCMU/8000/1
aucodec: PCMA/8000/1
aufilt: auconv
aufilt: auresamp
ausrc: aufile
auplay: aufile
ausrc: ausine
Populated 0 accounts
account: No SIP accounts found
 -- check your config or add an account using 'uanew' command
Populated 2 audio codecs
Populated 2 audio filters
Populated 0 video codecs
Populated 0 video filters
baresip is ready.
tcp: recv handler: recv(): Unknown error [10054]
101@140.124.42.67: selected for request
call: connecting to 'sip:0001@192.168.6.120:5060'..
[36;1m21:17:36.180#
UDP 140.124.42.67:5062 -> 192.168.6.120:5060
INVITE sip:0001@192.168.6.120:5060 SIP/2.0
Via: SIP/2.0/UDP 140.124.42.67:5062;branch=z9hG4bKa1ed75a0eea762dd;rport
Contact: <sip:101@140.124.42.67:5062>
Max-Forwards: 70
To: <sip:0001@192.168.6.120:5060>
From: <sip:101@140.124.42.67>;tag=5ce7c4cf7b8e3632
Call-ID: 9a9add41a36c0c92
CSeq: 59507 INVITE
User-Agent: baresip v4.9.0 (AMD64/Windows)
Allow: INVITE,ACK,BYE,CANCEL,OPTIONS,NOTIFY,INFO,MESSAGE,UPDATE,REFER
Supported: gruu,replaces,norefersub
Content-Type: application/sdp
Content-Length: 323
v=0
o=- 1441921228 2098640857 IN IP4 140.124.42.67
s=-
c=IN IP4 140.124.42.67
t=0 0
m=audio 4022 RTP/AVP 8 0 101
a=rtpmap:8 PCMA/8000
a=rtpmap:0 PCMU/8000
a=rtpmap:101 telephone-event/8000
a=fmtp:101 0-15
a=sendrecv
a=rtcp-rsize
a=ssrc:566641357 cname:sip:101@140.124.42.67
a=mid:0
a=minptime:20
a=ptime:20
[;m
tcp: send: write(): Unknown error [10053] (fdc=200)
[31mctrl_tcp: failed to send the response (Unknown error [10053])
[;mtcp: recv handler: recv(): Unknown error [10053]
[36;1m21:17:36.227#
UDP 192.168.6.120:5060 -> 140.124.42.67:5062
SIP/2.0 100 Trying
Via: SIP/2.0/UDP 140.124.42.67:5062;rport=5062;received=192.168.6.1;branch=z9hG4bKa1ed75a0eea762dd
From: <sip:101@140.124.42.67>;tag=5ce7c4cf7b8e3632
To: <sip:0001@192.168.6.120:5060>
Call-ID: 9a9add41a36c0c92
CSeq: 59507 INVITE
Content-Length: 0
[;m
[36;1m21:17:36.303#
UDP 192.168.6.120:5060 -> 140.124.42.67:5062
SIP/2.0 180 Ringing
Via: SIP/2.0/UDP 140.124.42.67:5062;rport=5062;received=192.168.6.1;branch=z9hG4bKa1ed75a0eea762dd
From: <sip:101@140.124.42.67>;tag=5ce7c4cf7b8e3632
To: <sip:0001@192.168.6.120:5060>;tag=60a15402
Call-ID: 9a9add41a36c0c92
Contact: <sip:101@192.168.6.120:5060>
CSeq: 59507 INVITE
Content-Length: 0
[;m
call: SIP Progress: 180 Ringing (/)
aufile: writing speaker audio to nil
[36;1m21:17:36.837#
UDP 192.168.6.120:5060 -> 140.124.42.67:5062
SIP/2.0 200 OK
Via: SIP/2.0/UDP 140.124.42.67:5062;rport=5062;received=192.168.6.1;branch=z9hG4bKa1ed75a0eea762dd
From: <sip:101@140.124.42.67>;tag=5ce7c4cf7b8e3632
To: <sip:0001@192.168.6.120:5060>;tag=60a15402
Call-ID: 9a9add41a36c0c92
Contact: <sip:101@192.168.6.120:5060>
CSeq: 59507 INVITE
Allow: INVITE,CANCEL,ACK,BYE,NOTIFY,REFER,OPTIONS,INFO,MESSAGE,UPDATE
Supported: replaces,timer
Content-Type: application/sdp
User-Agent: IPSPK-v1.306
Content-Length: 183
v=0
o=CMI-SIPUA 31134 0 IN IP4 192.168.6.120
s=SIP CALL
c=IN IP4 192.168.6.120
t=0 0
m=audio 20000 RTP/AVP 8 101
a=rtpmap:101 telephone-event/8000
a=fmtp:101 0-15
a=sendrecv
[;m
101@140.124.42.67: Call answered: sip:0001@192.168.6.120:5060
stream: update 'audio'
audio_recv: Set audio decoder: PCMA 8000Hz 1ch
aufile: writing speaker audio to nil
audio_recv: player started with sample format S16LE
audio: Set audio encoder: PCMA 8000Hz 1ch
ausine: 8000 Hz, 1 channels, frequency 1000 Hz CH_MODE: 3
ausine: audio ptime=20 sampc=160
audio: source started with sample format S16LE
audio tx pipeline:      ausine ---> aubuf ---> auconv ---> auresamp ---> PCMA
audio rx pipeline:      aufile <--- aubuf <--- auconv <--- auresamp <--- PCMA
[36;1m21:17:36.840#
UDP 140.124.42.67:5062 -> 192.168.6.120:5060
ACK sip:101@192.168.6.120:5060 SIP/2.0
Via: SIP/2.0/UDP 140.124.42.67:5062;branch=z9hG4bK134f637cb05691ad;rport
Max-Forwards: 70
To: <sip:0001@192.168.6.120:5060>;tag=60a15402
From: <sip:101@140.124.42.67>;tag=5ce7c4cf7b8e3632
Call-ID: 9a9add41a36c0c92
CSeq: 59507 ACK
User-Agent: baresip v4.9.0 (AMD64/Windows)
Content-Length: 0
[;m
101@140.124.42.67: Call established: sip:0001@192.168.6.120:5060
[0:00:00] audio=0/0 (bit/s)
[0:00:01] audio=0/0 (bit/s)
[0:00:01] audio=0/0 (bit/s)
[0:00:01] audio=0/0 (bit/s)
[0:00:01] audio=0/0 (bit/s)
[0:00:01] audio=0/0 (bit/s)
[0:00:01] audio=0/0 (bit/s)
[0:00:01] audio=0/0 (bit/s)
[0:00:01] audio=0/0 (bit/s)
[0:00:01] audio=0/0 (bit/s)
[0:00:01] audio=0/0 (bit/s)
[0:00:02] audio=0/0 (bit/s)
[0:00:02] audio=0/0 (bit/s)
[0:00:02] audio=0/0 (bit/s)
[0:00:02] audio=0/0 (bit/s)
[0:00:02] audio=0/0 (bit/s)
[0:00:02] audio=0/0 (bit/s)
[0:00:02] audio=0/0 (bit/s)
[0:00:02] audio=0/0 (bit/s)
[0:00:02] audio=0/0 (bit/s)
[0:00:02] audio=0/0 (bit/s)
[0:00:03] audio=0/0 (bit/s)
[0:00:03] audio=0/0 (bit/s)
[0:00:03] audio=0/0 (bit/s)
[0:00:03] audio=0/0 (bit/s)
[0:00:03] audio=0/0 (bit/s)
[0:00:03] audio=0/0 (bit/s)
[0:00:03] audio=0/0 (bit/s)
[0:00:03] audio=0/0 (bit/s)
[0:00:03] audio=0/0 (bit/s)
[0:00:03] audio=0/0 (bit/s)
[0:00:04] audio=0/0 (bit/s)
[0:00:04] audio=0/0 (bit/s)
[0:00:04] audio=0/0 (bit/s)
[0:00:04] audio=0/0 (bit/s)
[0:00:04] audio=0/0 (bit/s)
[0:00:04] audio=0/0 (bit/s)
[0:00:04] audio=0/0 (bit/s)
[0:00:04] audio=0/0 (bit/s)
[0:00:04] audio=0/0 (bit/s)
[0:00:04] audio=0/0 (bit/s)
[0:00:05] audio=0/0 (bit/s)
[0:00:05] audio=0/0 (bit/s)
[0:00:05] audio=0/0 (bit/s)
[0:00:05] audio=0/0 (bit/s)
[0:00:05] audio=0/0 (bit/s)
[0:00:05] audio=0/0 (bit/s)
[0:00:05] audio=0/0 (bit/s)
[0:00:05] audio=0/0 (bit/s)
[0:00:05] audio=0/0 (bit/s)
[0:00:05] audio=0/0 (bit/s)
[0:00:06] audio=0/0 (bit/s)
[0:00:06] audio=0/0 (bit/s)
[0:00:06] audio=0/0 (bit/s)
[0:00:06] audio=64000/64000 (bit/s)
[0:00:06] audio=64000/64000 (bit/s)
[0:00:06] audio=64000/64000 (bit/s)
[0:00:06] audio=64000/64000 (bit/s)
[0:00:06] audio=64000/64000 (bit/s)
[0:00:06] audio=64000/64000 (bit/s)
[0:00:06] audio=64000/64000 (bit/s)
[0:00:07] audio=64000/64000 (bit/s)
[0:00:07] audio=64000/64000 (bit/s)
[0:00:07] audio=64000/64000 (bit/s)
[0:00:07] audio=64000/64000 (bit/s)
[0:00:07] audio=64000/64000 (bit/s)
[0:00:07] audio=64000/64000 (bit/s)
[0:00:07] audio=64000/64000 (bit/s)
[0:00:07] audio=64000/64000 (bit/s)
[0:00:07] audio=64000/64000 (bit/s)
[0:00:07] audio=64000/64000 (bit/s)
[0:00:08] audio=64000/64000 (bit/s)
[0:00:08] audio=64000/64000 (bit/s)
[0:00:08] audio=64000/64000 (bit/s)
[0:00:08] audio=64000/64000 (bit/s)
[0:00:08] audio=64000/64000 (bit/s)
[0:00:08] audio=64000/64000 (bit/s)
[0:00:08] audio=64000/64000 (bit/s)
[0:00:08] audio=64000/64000 (bit/s)
[0:00:08] audio=64000/64000 (bit/s)
[0:00:08] audio=64000/64000 (bit/s)
[0:00:09] audio=64000/64000 (bit/s)
[0:00:09] audio=64000/64000 (bit/s)
[0:00:09] audio=64637/63787 (bit/s)
[0:00:09] audio=64637/63787 (bit/s)
[0:00:09] audio=64637/63787 (bit/s)
[0:00:09] audio=64637/63787 (bit/s)
[0:00:09] audio=64637/63787 (bit/s)
[0:00:09] audio=64637/63787 (bit/s)
[0:00:09] audio=64637/63787 (bit/s)
[0:00:09] audio=64637/63787 (bit/s)
[0:00:10] audio=64637/63787 (bit/s)
[0:00:10] audio=64637/63787 (bit/s)
[0:00:10] audio=64637/63787 (bit/s)
[0:00:10] audio=64637/63787 (bit/s)
[0:00:10] audio=64637/63787 (bit/s)
[0:00:10] audio=64637/63787 (bit/s)
[0:00:10] audio=64637/63787 (bit/s)
[0:00:10] audio=64637/63787 (bit/s)
[0:00:10] audio=64637/63787 (bit/s)
[0:00:10] audio=64637/63787 (bit/s)
[0:00:11] audio=64637/63787 (bit/s)
[0:00:11] audio=64637/63787 (bit/s)
[0:00:11] audio=64637/63787 (bit/s)
[0:00:11] audio=64637/63787 (bit/s)
[0:00:11] audio=64637/63787 (bit/s)
[0:00:11] audio=64637/63787 (bit/s)
[0:00:11] audio=64637/63787 (bit/s)
[0:00:11] audio=64637/63787 (bit/s)
[0:00:11] audio=64637/63787 (bit/s)
[0:00:11] audio=64637/63787 (bit/s)
[0:00:12] audio=64637/63787 (bit/s)
[0:00:12] audio=64637/63787 (bit/s)
[0:00:12] audio=63573/64426 (bit/s)
[0:00:12] audio=63573/64426 (bit/s)
[0:00:12] audio=63573/64426 (bit/s)
[0:00:12] audio=63573/64426 (bit/s)
[0:00:12] audio=63573/64426 (bit/s)
[0:00:12] audio=63573/64426 (bit/s)
[0:00:12] audio=63573/64426 (bit/s)
[0:00:13] audio=63573/64426 (bit/s)
[0:00:13] audio=63573/64426 (bit/s)
[0:00:13] audio=63573/64426 (bit/s)
[0:00:13] audio=63573/64426 (bit/s)
[0:00:13] audio=63573/64426 (bit/s)
call: terminate call '9a9add41a36c0c92' with sip:0001@192.168.6.120:5060
[36;1m21:17:49.429#
UDP 140.124.42.67:5062 -> 192.168.6.120:5060
BYE sip:101@192.168.6.120:5060 SIP/2.0
Via: SIP/2.0/UDP 140.124.42.67:5062;branch=z9hG4bKf2557325e624a56b;rport
Max-Forwards: 70
To: <sip:0001@192.168.6.120:5060>;tag=60a15402
From: <sip:101@140.124.42.67>;tag=5ce7c4cf7b8e3632
Call-ID: 9a9add41a36c0c92
CSeq: 59508 BYE
User-Agent: baresip v4.9.0 (AMD64/Windows)
Content-Length: 0
[;m
sip:101@140.124.42.67: Call with sip:0001@192.168.6.120:5060 terminated (duration: 13 secs)
audio           Transmit:     Receive:
packets:            628          630
avg. bitrate:      63.6         63.8  (kbit/s)
errors:               0            0
[36;1m21:17:49.476#
UDP 192.168.6.120:5060 -> 140.124.42.67:5062
SIP/2.0 200 OK
Via: SIP/2.0/UDP 140.124.42.67:5062;rport=5062;received=192.168.6.1;branch=z9hG4bKf2557325e624a56b
From: <sip:101@140.124.42.67>;tag=5ce7c4cf7b8e3632
To: <sip:0001@192.168.6.120:5060>;tag=60a15402
Call-ID: 9a9add41a36c0c92
CSeq: 59508 BYE
Content-Length: 0
[;m
tcp: recv handler: recv(): Unknown error [10053]

--- Baresip run 2026-07-07T21:22:36 ---
baresip v4.9.0 Copyright (C) 2010 - 2025 Alfred E. Heggestad et al.
Local network addresses:
 {E9883888-1437-4B71-ACCC-A557E6C989F3}:  fe80::a24e:6067:1df:b7d0
 {E9883888-1437-4B71-ACCC-A557E6C989F3}:  140.124.42.67
aucodec: PCMU/8000/1
aucodec: PCMA/8000/1
aufilt: auconv
aufilt: auresamp
ausrc: aufile
auplay: aufile
ausrc: ausine
Populated 0 accounts
account: No SIP accounts found
 -- check your config or add an account using 'uanew' command
Populated 2 audio codecs
Populated 2 audio filters
Populated 0 video codecs
Populated 0 video filters
baresip is ready.
tcp: recv handler: recv(): Unknown error [10054]
101@140.124.42.67: selected for request
call: connecting to 'sip:4267@192.168.6.120:5060'..
[31mstream: rtp_listen failed: af=AF_INET ports=4004-4004 (Invalid argument [22])
[;m[31mstream: failed to create socket for media 'audio' (Invalid argument [22])
[;m[36;1m21:22:37.275#
UDP 140.124.42.67:5062 -> 192.168.6.120:5060
[;m
tcp: recv handler: recv(): Unknown error [10053]
[31mstream: rtp_listen failed: af=AF_INET ports=4004-4004 (Invalid argument [22])
[;m[31mstream: failed to create socket for media 'audio' (Invalid argument [22])
[;m[36;1m21:22:37.783#
UDP 140.124.42.67:5062 -> 192.168.6.120:5060
[;m
[31mstream: rtp_listen failed: af=AF_INET ports=4004-4004 (Invalid argument [22])
[;m[31mstream: failed to create socket for media 'audio' (Invalid argument [22])
[;m[36;1m21:22:38.795#
UDP 140.124.42.67:5062 -> 192.168.6.120:5060
[;m
[31mstream: rtp_listen failed: af=AF_INET ports=4004-4004 (Invalid argument [22])
[;m[31mstream: failed to create socket for media 'audio' (Invalid argument [22])
[;m[36;1m21:22:40.803#
UDP 140.124.42.67:5062 -> 192.168.6.120:5060
[;m
[31mstream: rtp_listen failed: af=AF_INET ports=4004-4004 (Invalid argument [22])
[;m[31mstream: failed to create socket for media 'audio' (Invalid argument [22])
[;m[36;1m21:22:44.810#
UDP 140.124.42.67:5062 -> 192.168.6.120:5060
[;m
[31mctrl_tcp: error processing command (No such file or directory [2])
[;m[31mctrl_tcp: error processing command (No such file or directory [2])
[;m[31mstream: rtp_listen failed: af=AF_INET ports=4004-4004 (Invalid argument [22])
[;m[31mstream: failed to create socket for media 'audio' (Invalid argument [22])
[;m[36;1m21:22:52.825#
UDP 140.124.42.67:5062 -> 192.168.6.120:5060
[;m

--- Baresip run 2026-07-07T21:22:56 ---
baresip v4.9.0 Copyright (C) 2010 - 2025 Alfred E. Heggestad et al.
Local network addresses:
 {E9883888-1437-4B71-ACCC-A557E6C989F3}:  fe80::a24e:6067:1df:b7d0
 {E9883888-1437-4B71-ACCC-A557E6C989F3}:  140.124.42.67
aucodec: PCMU/8000/1
aucodec: PCMA/8000/1
aufilt: auconv
aufilt: auresamp
ausrc: aufile
auplay: aufile
ausrc: ausine
Populated 0 accounts
account: No SIP accounts found
 -- check your config or add an account using 'uanew' command
Populated 2 audio codecs
Populated 2 audio filters
Populated 0 video codecs
Populated 0 video filters
baresip is ready.
tcp: recv handler: recv(): Unknown error [10054]
101@140.124.42.67: selected for request
call: connecting to 'sip:4267@192.168.6.120:5060'..
[31mstream: rtp_listen failed: af=AF_INET ports=4004-4004 (Invalid argument [22])
[;m[31mstream: failed to create socket for media 'audio' (Invalid argument [22])
[;m[36;1m21:22:57.247#
UDP 140.124.42.67:5062 -> 192.168.6.120:5060
[;m
tcp: recv handler: recv(): Unknown error [10053]
[31mstream: rtp_listen failed: af=AF_INET ports=4004-4004 (Invalid argument [22])
[;m[31mstream: failed to create socket for media 'audio' (Invalid argument [22])
[;m[36;1m21:22:57.748#
UDP 140.124.42.67:5062 -> 192.168.6.120:5060
[;m
[31mstream: rtp_listen failed: af=AF_INET ports=4004-4004 (Invalid argument [22])
[;m[31mstream: failed to create socket for media 'audio' (Invalid argument [22])
[;m[36;1m21:22:58.754#
UDP 140.124.42.67:5062 -> 192.168.6.120:5060
[;m
[31mstream: rtp_listen failed: af=AF_INET ports=4004-4004 (Invalid argument [22])
[;m[31mstream: failed to create socket for media 'audio' (Invalid argument [22])
[;m[36;1m21:23:00.769#
UDP 140.124.42.67:5062 -> 192.168.6.120:5060
[;m
[31mstream: rtp_listen failed: af=AF_INET ports=4004-4004 (Invalid argument [22])
[;m[31mstream: failed to create socket for media 'audio' (Invalid argument [22])
[;m[36;1m21:23:04.781#
UDP 140.124.42.67:5062 -> 192.168.6.120:5060
[;m
[31mctrl_tcp: error processing command (No such file or directory [2])
[;m[31mstream: rtp_listen failed: af=AF_INET ports=4004-4004 (Invalid argument [22])
[;m[31mstream: failed to create socket for media 'audio' (Invalid argument [22])
[;m[36;1m21:23:12.787#
UDP 140.124.42.67:5062 -> 192.168.6.120:5060
[;m

--- Baresip run 2026-07-07T21:27:04 ---
baresip v4.9.0 Copyright (C) 2010 - 2025 Alfred E. Heggestad et al.
Local network addresses:
 {E9883888-1437-4B71-ACCC-A557E6C989F3}:  fe80::a24e:6067:1df:b7d0
 {E9883888-1437-4B71-ACCC-A557E6C989F3}:  140.124.42.67
aucodec: PCMU/8000/1
aucodec: PCMA/8000/1
aufilt: auconv
aufilt: auresamp
ausrc: aufile
auplay: aufile
ausrc: ausine
Populated 0 accounts
account: No SIP accounts found
 -- check your config or add an account using 'uanew' command
Populated 2 audio codecs
Populated 2 audio filters
Populated 0 video codecs
Populated 0 video filters
baresip is ready.
tcp: recv handler: recv(): Unknown error [10054]
101@140.124.42.67: selected for request
call: connecting to 'sip:4267@192.168.6.120:5060'..
[36;1m21:27:05.494#
UDP 140.124.42.67:64882 -> 192.168.6.120:5060
INVITE sip:4267@192.168.6.120:5060 SIP/2.0
Via: SIP/2.0/UDP 140.124.42.67:64882;branch=z9hG4bK06ffa522b7425c98;rport
Contact: <sip:101@140.124.42.67:64882>
Max-Forwards: 70
To: <sip:4267@192.168.6.120:5060>
From: <sip:101@140.124.42.67>;tag=6c820371477d3e92
Call-ID: a625f07b660a4494
CSeq: 23850 INVITE
User-Agent: baresip v4.9.0 (AMD64/Windows)
Allow: INVITE,ACK,BYE,CANCEL,OPTIONS,NOTIFY,INFO,MESSAGE,UPDATE,REFER
Supported: gruu,replaces,norefersub
Content-Type: application/sdp
Content-Length: 323
v=0
o=- 3458310136 300143862 IN IP4 140.124.42.67
s=-
c=IN IP4 140.124.42.67
t=0 0
m=audio 4004 RTP/AVP 8 0 101
a=rtpmap:8 PCMA/8000
a=rtpmap:0 PCMU/8000
a=rtpmap:101 telephone-event/8000
a=fmtp:101 0-15
a=sendrecv
a=rtcp-rsize
a=ssrc:1564776387 cname:sip:101@140.124.42.67
a=mid:0
a=minptime:20
a=ptime:20
[;m
tcp: send: write(): Unknown error [10053] (fdc=908)
[31mctrl_tcp: failed to send the response (Unknown error [10053])
[;mtcp: recv handler: recv(): Unknown error [10053]
[36;1m21:27:05.548#
UDP 192.168.6.120:5060 -> 140.124.42.67:64882
SIP/2.0 100 Trying
Via: SIP/2.0/UDP 140.124.42.67:64882;rport=64882;received=192.168.6.1;branch=z9hG4bK06ffa522b7425c98
From: <sip:101@140.124.42.67>;tag=6c820371477d3e92
To: <sip:4267@192.168.6.120:5060>
Call-ID: a625f07b660a4494
CSeq: 23850 INVITE
Content-Length: 0
[;m
[36;1m21:27:05.615#
UDP 192.168.6.120:5060 -> 140.124.42.67:64882
SIP/2.0 180 Ringing
Via: SIP/2.0/UDP 140.124.42.67:64882;rport=64882;received=192.168.6.1;branch=z9hG4bK06ffa522b7425c98
From: <sip:101@140.124.42.67>;tag=6c820371477d3e92
To: <sip:4267@192.168.6.120:5060>;tag=1f68b899
Call-ID: a625f07b660a4494
Contact: <sip:101@192.168.6.120:5060>
CSeq: 23850 INVITE
Content-Length: 0
[;m
call: SIP Progress: 180 Ringing (/)
aufile: writing speaker audio to nil
[36;1m21:27:06.127#
UDP 192.168.6.120:5060 -> 140.124.42.67:64882
SIP/2.0 200 OK
Via: SIP/2.0/UDP 140.124.42.67:64882;rport=64882;received=192.168.6.1;branch=z9hG4bK06ffa522b7425c98
From: <sip:101@140.124.42.67>;tag=6c820371477d3e92
To: <sip:4267@192.168.6.120:5060>;tag=1f68b899
Call-ID: a625f07b660a4494
Contact: <sip:101@192.168.6.120:5060>
CSeq: 23850 INVITE
Allow: INVITE,CANCEL,ACK,BYE,NOTIFY,REFER,OPTIONS,INFO,MESSAGE,UPDATE
Supported: replaces,timer
Content-Type: application/sdp
User-Agent: IPSPK-v1.306
Content-Length: 182
v=0
o=CMI-SIPUA 3683 0 IN IP4 192.168.6.120
s=SIP CALL
c=IN IP4 192.168.6.120
t=0 0
m=audio 20000 RTP/AVP 8 101
a=rtpmap:101 telephone-event/8000
a=fmtp:101 0-15
a=sendrecv
[;m
101@140.124.42.67: Call answered: sip:4267@192.168.6.120:5060
stream: update 'audio'
audio_recv: Set audio decoder: PCMA 8000Hz 1ch
aufile: writing speaker audio to nil
audio_recv: player started with sample format S16LE
audio: Set audio encoder: PCMA 8000Hz 1ch
ausine: 8000 Hz, 1 channels, frequency 1000 Hz CH_MODE: 3
ausine: audio ptime=20 sampc=160
audio: source started with sample format S16LE
audio tx pipeline:      ausine ---> aubuf ---> auconv ---> auresamp ---> PCMA
audio rx pipeline:      aufile <--- aubuf <--- auconv <--- auresamp <--- PCMA
[36;1m21:27:06.142#
UDP 140.124.42.67:64882 -> 192.168.6.120:5060
ACK sip:101@192.168.6.120:5060 SIP/2.0
Via: SIP/2.0/UDP 140.124.42.67:64882;branch=z9hG4bKf43c18b66d8276fa;rport
Max-Forwards: 70
To: <sip:4267@192.168.6.120:5060>;tag=1f68b899
From: <sip:101@140.124.42.67>;tag=6c820371477d3e92
Call-ID: a625f07b660a4494
CSeq: 23850 ACK
User-Agent: baresip v4.9.0 (AMD64/Windows)
Content-Length: 0
[;m
101@140.124.42.67: Call established: sip:4267@192.168.6.120:5060
[0:00:00] audio=0/0 (bit/s)
[0:00:00] audio=0/0 (bit/s)
[0:00:00] audio=0/0 (bit/s)
[0:00:00] audio=0/0 (bit/s)
[0:00:00] audio=0/0 (bit/s)
[0:00:00] audio=0/0 (bit/s)
[0:00:00] audio=0/0 (bit/s)
[0:00:00] audio=0/0 (bit/s)
[0:00:01] audio=0/0 (bit/s)
[0:00:01] audio=0/0 (bit/s)
[0:00:01] audio=0/0 (bit/s)
[0:00:01] audio=0/0 (bit/s)
[0:00:01] audio=0/0 (bit/s)
[0:00:01] audio=0/0 (bit/s)
[0:00:01] audio=0/0 (bit/s)
[0:00:01] audio=0/0 (bit/s)
[0:00:01] audio=0/0 (bit/s)
[0:00:02] audio=0/0 (bit/s)
[0:00:02] audio=0/0 (bit/s)
[0:00:02] audio=0/0 (bit/s)
[0:00:02] audio=0/0 (bit/s)
[0:00:02] audio=0/0 (bit/s)
[0:00:02] audio=0/0 (bit/s)
[0:00:02] audio=0/0 (bit/s)
[0:00:02] audio=0/0 (bit/s)
[0:00:02] audio=0/0 (bit/s)
[0:00:02] audio=0/0 (bit/s)
[0:00:03] audio=0/0 (bit/s)
[0:00:03] audio=0/0 (bit/s)
[0:00:03] audio=0/0 (bit/s)
[0:00:03] audio=0/0 (bit/s)
[0:00:03] audio=0/0 (bit/s)
[0:00:03] audio=0/0 (bit/s)
[0:00:03] audio=0/0 (bit/s)
[0:00:03] audio=0/0 (bit/s)
[0:00:03] audio=0/0 (bit/s)
[0:00:03] audio=0/0 (bit/s)
[0:00:04] audio=0/0 (bit/s)
[0:00:04] audio=0/0 (bit/s)
[0:00:04] audio=0/0 (bit/s)
[0:00:04] audio=0/0 (bit/s)
[0:00:04] audio=0/0 (bit/s)
[0:00:04] audio=0/0 (bit/s)
[0:00:04] audio=0/0 (bit/s)
[0:00:04] audio=0/0 (bit/s)
[0:00:04] audio=0/0 (bit/s)
[0:00:05] audio=0/0 (bit/s)
[0:00:05] audio=0/0 (bit/s)
[0:00:05] audio=0/0 (bit/s)
[0:00:05] audio=0/0 (bit/s)
[0:00:05] audio=0/0 (bit/s)
[0:00:05] audio=0/0 (bit/s)
[0:00:05] audio=63787/63787 (bit/s)
[0:00:05] audio=63787/63787 (bit/s)
[0:00:05] audio=63787/63787 (bit/s)
[0:00:05] audio=63787/63787 (bit/s)
[0:00:06] audio=63787/63787 (bit/s)
[0:00:06] audio=63787/63787 (bit/s)
[0:00:06] audio=63787/63787 (bit/s)
[0:00:06] audio=63787/63787 (bit/s)
[0:00:06] audio=63787/63787 (bit/s)
[0:00:06] audio=63787/63787 (bit/s)
[0:00:06] audio=63787/63787 (bit/s)
[0:00:06] audio=63787/63787 (bit/s)
[0:00:06] audio=63787/63787 (bit/s)
[0:00:06] audio=63787/63787 (bit/s)
[0:00:07] audio=63787/63787 (bit/s)
[0:00:07] audio=63787/63787 (bit/s)
[0:00:07] audio=63787/63787 (bit/s)
[0:00:07] audio=63787/63787 (bit/s)
[0:00:07] audio=63787/63787 (bit/s)
[0:00:07] audio=63787/63787 (bit/s)
[0:00:07] audio=63787/63787 (bit/s)
[0:00:07] audio=63787/63787 (bit/s)
[0:00:07] audio=63787/63787 (bit/s)
[0:00:07] audio=63787/63787 (bit/s)
[0:00:08] audio=63787/63787 (bit/s)
[0:00:08] audio=63787/63787 (bit/s)
[0:00:08] audio=63787/63787 (bit/s)
[0:00:08] audio=63787/63787 (bit/s)
[0:00:08] audio=63787/63787 (bit/s)
[0:00:08] audio=63787/63787 (bit/s)
[0:00:08] audio=64000/64000 (bit/s)
[0:00:08] audio=64000/64000 (bit/s)
[0:00:08] audio=64000/64000 (bit/s)
[0:00:09] audio=64000/64000 (bit/s)
[0:00:09] audio=64000/64000 (bit/s)
[0:00:09] audio=64000/64000 (bit/s)
[0:00:09] audio=64000/64000 (bit/s)
[0:00:09] audio=64000/64000 (bit/s)
[0:00:09] audio=64000/64000 (bit/s)
[0:00:09] audio=64000/64000 (bit/s)
[0:00:09] audio=64000/64000 (bit/s)
[0:00:09] audio=64000/64000 (bit/s)
[0:00:09] audio=64000/64000 (bit/s)
[0:00:10] audio=64000/64000 (bit/s)
[0:00:10] audio=64000/64000 (bit/s)
[0:00:10] audio=64000/64000 (bit/s)
[0:00:10] audio=64000/64000 (bit/s)
[0:00:10] audio=64000/64000 (bit/s)
[0:00:10] audio=64000/64000 (bit/s)
[0:00:10] audio=64000/64000 (bit/s)
[0:00:10] audio=64000/64000 (bit/s)
[0:00:10] audio=64000/64000 (bit/s)
[0:00:10] audio=64000/64000 (bit/s)
[0:00:11] audio=64000/64000 (bit/s)
[0:00:11] audio=64000/64000 (bit/s)
[0:00:11] audio=64000/64000 (bit/s)
[0:00:11] audio=64000/64000 (bit/s)
[0:00:11] audio=64000/64000 (bit/s)
[0:00:11] audio=64000/64000 (bit/s)
[0:00:11] audio=63957/63957 (bit/s)
[0:00:11] audio=63957/63957 (bit/s)
[0:00:11] audio=63957/63957 (bit/s)
[0:00:11] audio=63957/63957 (bit/s)
[0:00:12] audio=63957/63957 (bit/s)
[0:00:12] audio=63957/63957 (bit/s)
[0:00:12] audio=63957/63957 (bit/s)
[0:00:12] audio=63957/63957 (bit/s)
[0:00:12] audio=63957/63957 (bit/s)
[0:00:12] audio=63957/63957 (bit/s)
[0:00:12] audio=63957/63957 (bit/s)
call: terminate call 'a625f07b660a4494' with sip:4267@192.168.6.120:5060
[36;1m21:27:18.720#
UDP 140.124.42.67:64882 -> 192.168.6.120:5060
BYE sip:101@192.168.6.120:5060 SIP/2.0
Via: SIP/2.0/UDP 140.124.42.67:64882;branch=z9hG4bK4a32f2b971deb266;rport
Max-Forwards: 70
To: <sip:4267@192.168.6.120:5060>;tag=1f68b899
From: <sip:101@140.124.42.67>;tag=6c820371477d3e92
Call-ID: a625f07b660a4494
CSeq: 23851 BYE
User-Agent: baresip v4.9.0 (AMD64/Windows)
Content-Length: 0
[;m
sip:101@140.124.42.67: Call with sip:4267@192.168.6.120:5060 terminated (duration: 12 secs)
audio           Transmit:     Receive:
packets:            627          629
avg. bitrate:      63.7         63.8  (kbit/s)
errors:               0            0
tcp: recv handler: recv(): Unknown error [10053]
[36;1m21:27:18.759#
UDP 192.168.6.120:5060 -> 140.124.42.67:64882
SIP/2.0 200 OK
Via: SIP/2.0/UDP 140.124.42.67:64882;rport=64882;received=192.168.6.1;branch=z9hG4bK4a32f2b971deb266
From: <sip:101@140.124.42.67>;tag=6c820371477d3e92
To: <sip:4267@192.168.6.120:5060>;tag=1f68b899
Call-ID: a625f07b660a4494
CSeq: 23851 BYE
Content-Length: 0
[;m

--- Baresip run 2026-07-07T21:27:28 ---
baresip v4.9.0 Copyright (C) 2010 - 2025 Alfred E. Heggestad et al.
Local network addresses:
 {E9883888-1437-4B71-ACCC-A557E6C989F3}:  fe80::a24e:6067:1df:b7d0
 {E9883888-1437-4B71-ACCC-A557E6C989F3}:  140.124.42.67
aucodec: PCMU/8000/1
aucodec: PCMA/8000/1
aufilt: auconv
aufilt: auresamp
ausrc: aufile
auplay: aufile
ausrc: ausine
Populated 0 accounts
account: No SIP accounts found
 -- check your config or add an account using 'uanew' command
Populated 2 audio codecs
Populated 2 audio filters
Populated 0 video codecs
Populated 0 video filters
baresip is ready.
tcp: recv handler: recv(): Unknown error [10054]
101@140.124.42.67: selected for request
call: connecting to 'sip:4267@192.168.6.120:5060'..
[36;1m21:27:29.251#
UDP 140.124.42.67:64882 -> 192.168.6.120:5060
INVITE sip:4267@192.168.6.120:5060 SIP/2.0
Via: SIP/2.0/UDP 140.124.42.67:64882;branch=z9hG4bK7d5a6358e8b05fa8;rport
Contact: <sip:101@140.124.42.67:64882>
Max-Forwards: 70
To: <sip:4267@192.168.6.120:5060>
From: <sip:101@140.124.42.67>;tag=f758e2b340a5ad95
Call-ID: 0f88a9bb881b6b89
CSeq: 57325 INVITE
User-Agent: baresip v4.9.0 (AMD64/Windows)
Allow: INVITE,ACK,BYE,CANCEL,OPTIONS,NOTIFY,INFO,MESSAGE,UPDATE,REFER
Supported: gruu,replaces,norefersub
Content-Type: application/sdp
Content-Length: 322
v=0
o=- 442857702 311186904 IN IP4 140.124.42.67
s=-
c=IN IP4 140.124.42.67
t=0 0
m=audio 4004 RTP/AVP 8 0 101
a=rtpmap:8 PCMA/8000
a=rtpmap:0 PCMU/8000
a=rtpmap:101 telephone-event/8000
a=fmtp:101 0-15
a=sendrecv
a=rtcp-rsize
a=ssrc:2956448506 cname:sip:101@140.124.42.67
a=mid:0
a=minptime:20
a=ptime:20
[;m
tcp: send: write(): Unknown error [10053] (fdc=868)
[31mctrl_tcp: failed to send the response (Unknown error [10053])
[;mtcp: recv handler: recv(): Unknown error [10053]
[36;1m21:27:29.298#
UDP 192.168.6.120:5060 -> 140.124.42.67:64882
SIP/2.0 100 Trying
Via: SIP/2.0/UDP 140.124.42.67:64882;rport=64882;received=192.168.6.1;branch=z9hG4bK7d5a6358e8b05fa8
From: <sip:101@140.124.42.67>;tag=f758e2b340a5ad95
To: <sip:4267@192.168.6.120:5060>
Call-ID: 0f88a9bb881b6b89
CSeq: 57325 INVITE
Content-Length: 0
[;m
[36;1m21:27:29.374#
UDP 192.168.6.120:5060 -> 140.124.42.67:64882
SIP/2.0 180 Ringing
Via: SIP/2.0/UDP 140.124.42.67:64882;rport=64882;received=192.168.6.1;branch=z9hG4bK7d5a6358e8b05fa8
From: <sip:101@140.124.42.67>;tag=f758e2b340a5ad95
To: <sip:4267@192.168.6.120:5060>;tag=749418a2
Call-ID: 0f88a9bb881b6b89
Contact: <sip:101@192.168.6.120:5060>
CSeq: 57325 INVITE
Content-Length: 0
[;m
call: SIP Progress: 180 Ringing (/)
aufile: writing speaker audio to nil
[36;1m21:27:29.728#
UDP 192.168.6.120:5060 -> 140.124.42.67:64882
SIP/2.0 200 OK
Via: SIP/2.0/UDP 140.124.42.67:64882;rport=64882;received=192.168.6.1;branch=z9hG4bK7d5a6358e8b05fa8
From: <sip:101@140.124.42.67>;tag=f758e2b340a5ad95
To: <sip:4267@192.168.6.120:5060>;tag=749418a2
Call-ID: 0f88a9bb881b6b89
Contact: <sip:101@192.168.6.120:5060>
CSeq: 57325 INVITE
Allow: INVITE,CANCEL,ACK,BYE,NOTIFY,REFER,OPTIONS,INFO,MESSAGE,UPDATE
Supported: replaces,timer
Content-Type: application/sdp
User-Agent: IPSPK-v1.306
Content-Length: 183
v=0
o=CMI-SIPUA 46854 0 IN IP4 192.168.6.120
s=SIP CALL
c=IN IP4 192.168.6.120
t=0 0
m=audio 20000 RTP/AVP 8 101
a=rtpmap:101 telephone-event/8000
a=fmtp:101 0-15
a=sendrecv
[;m
101@140.124.42.67: Call answered: sip:4267@192.168.6.120:5060
stream: update 'audio'
audio_recv: Set audio decoder: PCMA 8000Hz 1ch
aufile: writing speaker audio to nil
audio_recv: player started with sample format S16LE
audio: Set audio encoder: PCMA 8000Hz 1ch
ausine: 8000 Hz, 1 channels, frequency 1000 Hz CH_MODE: 3
ausine: audio ptime=20 sampc=160
audio: source started with sample format S16LE
audio tx pipeline:      ausine ---> aubuf ---> auconv ---> auresamp ---> PCMA
audio rx pipeline:      aufile <--- aubuf <--- auconv <--- auresamp <--- PCMA
[36;1m21:27:29.743#
UDP 140.124.42.67:64882 -> 192.168.6.120:5060
ACK sip:101@192.168.6.120:5060 SIP/2.0
Via: SIP/2.0/UDP 140.124.42.67:64882;branch=z9hG4bK547de4d80eb77870;rport
Max-Forwards: 70
To: <sip:4267@192.168.6.120:5060>;tag=749418a2
From: <sip:101@140.124.42.67>;tag=f758e2b340a5ad95
Call-ID: 0f88a9bb881b6b89
CSeq: 57325 ACK
User-Agent: baresip v4.9.0 (AMD64/Windows)
Content-Length: 0
[;m
101@140.124.42.67: Call established: sip:4267@192.168.6.120:5060
[0:00:00] audio=0/0 (bit/s)
[0:00:00] audio=0/0 (bit/s)
[0:00:01] audio=0/0 (bit/s)
[0:00:01] audio=0/0 (bit/s)
[0:00:01] audio=0/0 (bit/s)
[0:00:01] audio=0/0 (bit/s)
[0:00:01] audio=0/0 (bit/s)
[0:00:01] audio=0/0 (bit/s)
[0:00:01] audio=0/0 (bit/s)
[0:00:01] audio=0/0 (bit/s)
[0:00:01] audio=0/0 (bit/s)
[0:00:01] audio=0/0 (bit/s)
[0:00:02] audio=0/0 (bit/s)
[0:00:02] audio=0/0 (bit/s)
[0:00:02] audio=0/0 (bit/s)
[0:00:02] audio=0/0 (bit/s)
[0:00:02] audio=0/0 (bit/s)
[0:00:02] audio=0/0 (bit/s)
[0:00:02] audio=0/0 (bit/s)
[0:00:02] audio=0/0 (bit/s)
[0:00:02] audio=0/0 (bit/s)
[0:00:02] audio=0/0 (bit/s)
[0:00:03] audio=0/0 (bit/s)
[0:00:03] audio=0/0 (bit/s)
[0:00:03] audio=0/0 (bit/s)
[0:00:03] audio=0/0 (bit/s)
[0:00:03] audio=0/0 (bit/s)
[0:00:03] audio=0/0 (bit/s)
[0:00:03] audio=0/0 (bit/s)
[0:00:03] audio=0/0 (bit/s)
[0:00:03] audio=0/0 (bit/s)
[0:00:03] audio=0/0 (bit/s)
[0:00:04] audio=0/0 (bit/s)
[0:00:04] audio=0/0 (bit/s)
[0:00:04] audio=0/0 (bit/s)
[0:00:04] audio=0/0 (bit/s)
[0:00:04] audio=0/0 (bit/s)
[0:00:04] audio=0/0 (bit/s)
[0:00:04] audio=0/0 (bit/s)
[0:00:04] audio=0/0 (bit/s)
[0:00:04] audio=0/0 (bit/s)
[0:00:04] audio=0/0 (bit/s)
[0:00:05] audio=0/0 (bit/s)
[0:00:05] audio=0/0 (bit/s)
[0:00:05] audio=0/0 (bit/s)
[0:00:05] audio=0/0 (bit/s)
[0:00:05] audio=0/0 (bit/s)
[0:00:05] audio=0/0 (bit/s)
[0:00:05] audio=0/0 (bit/s)
[0:00:05] audio=0/0 (bit/s)
[0:00:05] audio=0/0 (bit/s)
[0:00:05] audio=0/0 (bit/s)
[0:00:06] audio=0/0 (bit/s)
[0:00:06] audio=0/0 (bit/s)
[0:00:06] audio=0/0 (bit/s)
[0:00:06] audio=64000/64426 (bit/s)
[0:00:06] audio=64000/64426 (bit/s)
[0:00:06] audio=64000/64426 (bit/s)
[0:00:06] audio=64000/64426 (bit/s)
[0:00:06] audio=64000/64426 (bit/s)
[0:00:06] audio=64000/64426 (bit/s)
[0:00:07] audio=64000/64426 (bit/s)
[0:00:07] audio=64000/64426 (bit/s)
[0:00:07] audio=64000/64426 (bit/s)
[0:00:07] audio=64000/64426 (bit/s)
[0:00:07] audio=64000/64426 (bit/s)
[0:00:07] audio=64000/64426 (bit/s)
[0:00:07] audio=64000/64426 (bit/s)
[0:00:07] audio=64000/64426 (bit/s)
[0:00:07] audio=64000/64426 (bit/s)
[0:00:07] audio=64000/64426 (bit/s)
[0:00:08] audio=64000/64426 (bit/s)
[0:00:08] audio=64000/64426 (bit/s)
[0:00:08] audio=64000/64426 (bit/s)
[0:00:08] audio=64000/64426 (bit/s)
[0:00:08] audio=64000/64426 (bit/s)
[0:00:08] audio=64000/64426 (bit/s)
[0:00:08] audio=64000/64426 (bit/s)
[0:00:08] audio=64000/64426 (bit/s)
[0:00:08] audio=64000/64426 (bit/s)
[0:00:08] audio=64000/64426 (bit/s)
[0:00:09] audio=64000/64426 (bit/s)
[0:00:09] audio=64000/64426 (bit/s)
[0:00:09] audio=64000/64426 (bit/s)
[0:00:09] audio=64000/64426 (bit/s)
[0:00:09] audio=64000/64000 (bit/s)
[0:00:09] audio=64000/64000 (bit/s)
[0:00:09] audio=64000/64000 (bit/s)
[0:00:09] audio=64000/64000 (bit/s)
[0:00:09] audio=64000/64000 (bit/s)
[0:00:09] audio=64000/64000 (bit/s)
[0:00:10] audio=64000/64000 (bit/s)
[0:00:10] audio=64000/64000 (bit/s)
[0:00:10] audio=64000/64000 (bit/s)
[0:00:10] audio=64000/64000 (bit/s)
[0:00:10] audio=64000/64000 (bit/s)
[0:00:10] audio=64000/64000 (bit/s)
[0:00:10] audio=64000/64000 (bit/s)
[0:00:10] audio=64000/64000 (bit/s)
[0:00:10] audio=64000/64000 (bit/s)
[0:00:10] audio=64000/64000 (bit/s)
[0:00:11] audio=64000/64000 (bit/s)
[0:00:11] audio=64000/64000 (bit/s)
[0:00:11] audio=64000/64000 (bit/s)
[0:00:11] audio=64000/64000 (bit/s)
[0:00:11] audio=64000/64000 (bit/s)
[0:00:11] audio=64000/64000 (bit/s)
[0:00:11] audio=64000/64000 (bit/s)
[0:00:11] audio=64000/64000 (bit/s)
[0:00:11] audio=64000/64000 (bit/s)
[0:00:11] audio=64000/64000 (bit/s)
[0:00:12] audio=64000/64000 (bit/s)
[0:00:12] audio=64000/64000 (bit/s)
[0:00:12] audio=64000/64000 (bit/s)
[0:00:12] audio=64000/64000 (bit/s)
[0:00:12] audio=64000/64000 (bit/s)
[0:00:12] audio=64000/64000 (bit/s)
[0:00:12] audio=64000/64000 (bit/s)
[0:00:12] audio=64000/64000 (bit/s)
[0:00:12] audio=64000/64000 (bit/s)
[0:00:12] audio=64000/64000 (bit/s)
[0:00:13] audio=64000/64000 (bit/s)
[0:00:13] audio=64000/64000 (bit/s)
[0:00:13] audio=64000/64000 (bit/s)
[0:00:13] audio=64000/64000 (bit/s)
[0:00:13] audio=64000/64000 (bit/s)
call: terminate call '0f88a9bb881b6b89' with sip:4267@192.168.6.120:5060
[36;1m21:27:42.494#
UDP 140.124.42.67:64882 -> 192.168.6.120:5060
BYE sip:101@192.168.6.120:5060 SIP/2.0
Via: SIP/2.0/UDP 140.124.42.67:64882;branch=z9hG4bKf806c23fba8feae8;rport
Max-Forwards: 70
To: <sip:4267@192.168.6.120:5060>;tag=749418a2
From: <sip:101@140.124.42.67>;tag=f758e2b340a5ad95
Call-ID: 0f88a9bb881b6b89
CSeq: 57326 BYE
User-Agent: baresip v4.9.0 (AMD64/Windows)
Content-Length: 0
[;m
sip:101@140.124.42.67: Call with sip:4267@192.168.6.120:5060 terminated (duration: 13 secs)
audio           Transmit:     Receive:
packets:            636          638
avg. bitrate:      63.6         63.7  (kbit/s)
errors:               0            0
[36;1m21:27:42.556#
UDP 192.168.6.120:5060 -> 140.124.42.67:64882
SIP/2.0 200 OK
Via: SIP/2.0/UDP 140.124.42.67:64882;rport=64882;received=192.168.6.1;branch=z9hG4bKf806c23fba8feae8
From: <sip:101@140.124.42.67>;tag=f758e2b340a5ad95
To: <sip:4267@192.168.6.120:5060>;tag=749418a2
Call-ID: 0f88a9bb881b6b89
CSeq: 57326 BYE
Content-Length: 0
[;m
tcp: recv handler: recv(): Unknown error [10053]

--- Baresip run 2026-07-07T21:33:47 ---
baresip v4.9.0 Copyright (C) 2010 - 2025 Alfred E. Heggestad et al.
Local network addresses:
 {E9883888-1437-4B71-ACCC-A557E6C989F3}:  fe80::a24e:6067:1df:b7d0
 {E9883888-1437-4B71-ACCC-A557E6C989F3}:  140.124.42.67
aucodec: PCMU/8000/1
aucodec: PCMA/8000/1
aufilt: auconv
aufilt: auresamp
ausrc: aufile
auplay: aufile
ausrc: ausine
[31mmodule account: Invalid argument [22]
[;mPopulated 2 audio codecs
Populated 2 audio filters
Populated 0 video codecs
Populated 0 video filters
baresip is ready.
[31mctrl_tcp: error processing command (Invalid argument [22])
[;m

--- Baresip run 2026-07-07T21:33:53 ---
baresip v4.9.0 Copyright (C) 2010 - 2025 Alfred E. Heggestad et al.
Local network addresses:
 {E9883888-1437-4B71-ACCC-A557E6C989F3}:  fe80::a24e:6067:1df:b7d0
 {E9883888-1437-4B71-ACCC-A557E6C989F3}:  140.124.42.67
aucodec: PCMU/8000/1
aucodec: PCMA/8000/1
aufilt: auconv
aufilt: auresamp
ausrc: aufile
auplay: aufile
ausrc: ausine
[31mmodule account: Invalid argument [22]
[;mPopulated 2 audio codecs
Populated 2 audio filters
Populated 0 video codecs
Populated 0 video filters
baresip is ready.
[31mctrl_tcp: error processing command (Invalid argument [22])
[;m

--- Baresip run 2026-07-07T21:35:47 ---
baresip v4.9.0 Copyright (C) 2010 - 2025 Alfred E. Heggestad et al.
Local network addresses:
 {E9883888-1437-4B71-ACCC-A557E6C989F3}:  fe80::a24e:6067:1df:b7d0
 {E9883888-1437-4B71-ACCC-A557E6C989F3}:  140.124.42.67
aucodec: PCMU/8000/1
aucodec: PCMA/8000/1
aufilt: auconv
aufilt: auresamp
ausrc: aufile
auplay: aufile
ausrc: ausine
Populated 1 account
Populated 2 audio codecs
Populated 2 audio filters
Populated 0 video codecs
Populated 0 video filters
baresip is ready.
101@140.124.42.67: selected for request
call: connecting to 'sip:4267@192.168.6.120:5060'..
[36;1m21:35:48.294#
UDP 140.124.42.67:64882 -> 192.168.6.120:5060
INVITE sip:4267@192.168.6.120:5060 SIP/2.0
Via: SIP/2.0/UDP 140.124.42.67:64882;branch=z9hG4bK182e2f4a6e115ff0;rport
Contact: <sip:101@140.124.42.67:64882>
Max-Forwards: 70
To: <sip:4267@192.168.6.120:5060>
From: <sip:101@140.124.42.67>;tag=d973eeecf3fcdb71
Call-ID: d8f7231be12d97e8
CSeq: 57106 INVITE
User-Agent: baresip v4.9.0 (AMD64/Windows)
Allow: INVITE,ACK,BYE,CANCEL,OPTIONS,NOTIFY,INFO,MESSAGE,UPDATE,REFER
Supported: gruu,replaces,norefersub
Content-Type: application/sdp
Content-Length: 323
v=0
o=- 811619821 1683190407 IN IP4 140.124.42.67
s=-
c=IN IP4 140.124.42.67
t=0 0
m=audio 4004 RTP/AVP 8 0 101
a=rtpmap:8 PCMA/8000
a=rtpmap:0 PCMU/8000
a=rtpmap:101 telephone-event/8000
a=fmtp:101 0-15
a=sendrecv
a=rtcp-rsize
a=ssrc:3694141838 cname:sip:101@140.124.42.67
a=mid:0
a=minptime:20
a=ptime:20
[;m
tcp: send: write(): Unknown error [10053] (fdc=912)
[31mctrl_tcp: failed to send the response (Unknown error [10053])
[;mtcp: recv handler: recv(): Unknown error [10053]
[36;1m21:35:48.342#
UDP 192.168.6.120:5060 -> 140.124.42.67:64882
SIP/2.0 100 Trying
Via: SIP/2.0/UDP 140.124.42.67:64882;rport=64882;received=192.168.6.1;branch=z9hG4bK182e2f4a6e115ff0
From: <sip:101@140.124.42.67>;tag=d973eeecf3fcdb71
To: <sip:4267@192.168.6.120:5060>
Call-ID: d8f7231be12d97e8
CSeq: 57106 INVITE
Content-Length: 0
[;m
[36;1m21:35:48.421#
UDP 192.168.6.120:5060 -> 140.124.42.67:64882
SIP/2.0 180 Ringing
Via: SIP/2.0/UDP 140.124.42.67:64882;rport=64882;received=192.168.6.1;branch=z9hG4bK182e2f4a6e115ff0
From: <sip:101@140.124.42.67>;tag=d973eeecf3fcdb71
To: <sip:4267@192.168.6.120:5060>;tag=23dc3d57
Call-ID: d8f7231be12d97e8
Contact: <sip:101@192.168.6.120:5060>
CSeq: 57106 INVITE
Content-Length: 0
[;m
call: SIP Progress: 180 Ringing (/)
aufile: writing speaker audio to nil
[36;1m21:35:48.836#
UDP 192.168.6.120:5060 -> 140.124.42.67:64882
SIP/2.0 200 OK
Via: SIP/2.0/UDP 140.124.42.67:64882;rport=64882;received=192.168.6.1;branch=z9hG4bK182e2f4a6e115ff0
From: <sip:101@140.124.42.67>;tag=d973eeecf3fcdb71
To: <sip:4267@192.168.6.120:5060>;tag=23dc3d57
Call-ID: d8f7231be12d97e8
Contact: <sip:101@192.168.6.120:5060>
CSeq: 57106 INVITE
Allow: INVITE,CANCEL,ACK,BYE,NOTIFY,REFER,OPTIONS,INFO,MESSAGE,UPDATE
Supported: replaces,timer
Content-Type: application/sdp
User-Agent: IPSPK-v1.306
Content-Length: 182
v=0
o=CMI-SIPUA 4618 0 IN IP4 192.168.6.120
s=SIP CALL
c=IN IP4 192.168.6.120
t=0 0
m=audio 20000 RTP/AVP 8 101
a=rtpmap:101 telephone-event/8000
a=fmtp:101 0-15
a=sendrecv
[;m
101@140.124.42.67: Call answered: sip:4267@192.168.6.120:5060
stream: update 'audio'
audio_recv: Set audio decoder: PCMA 8000Hz 1ch
aufile: writing speaker audio to nil
audio_recv: player started with sample format S16LE
audio: Set audio encoder: PCMA 8000Hz 1ch
ausine: 8000 Hz, 1 channels, frequency 1000 Hz CH_MODE: 3
ausine: audio ptime=20 sampc=160
audio: source started with sample format S16LE
audio tx pipeline:      ausine ---> aubuf ---> auconv ---> auresamp ---> PCMA
audio rx pipeline:      aufile <--- aubuf <--- auconv <--- auresamp <--- PCMA
[36;1m21:35:48.870#
UDP 140.124.42.67:64882 -> 192.168.6.120:5060
ACK sip:101@192.168.6.120:5060 SIP/2.0
Via: SIP/2.0/UDP 140.124.42.67:64882;branch=z9hG4bKa50dc48b61733b68;rport
Max-Forwards: 70
To: <sip:4267@192.168.6.120:5060>;tag=23dc3d57
From: <sip:101@140.124.42.67>;tag=d973eeecf3fcdb71
Call-ID: d8f7231be12d97e8
CSeq: 57106 ACK
User-Agent: baresip v4.9.0 (AMD64/Windows)
Content-Length: 0
[;m
101@140.124.42.67: Call established: sip:4267@192.168.6.120:5060
[0:00:00] audio=0/0 (bit/s)
[0:00:01] audio=0/0 (bit/s)
[0:00:01] audio=0/0 (bit/s)
[0:00:01] audio=0/0 (bit/s)
[0:00:01] audio=0/0 (bit/s)
[0:00:01] audio=0/0 (bit/s)
[0:00:01] audio=0/0 (bit/s)
[0:00:01] audio=0/0 (bit/s)
[0:00:01] audio=0/0 (bit/s)
[0:00:01] audio=0/0 (bit/s)
[0:00:02] audio=0/0 (bit/s)
[0:00:02] audio=0/0 (bit/s)
[0:00:02] audio=0/0 (bit/s)
[0:00:02] audio=0/0 (bit/s)
[0:00:02] audio=0/0 (bit/s)
[0:00:02] audio=0/0 (bit/s)
[0:00:02] audio=0/0 (bit/s)
[0:00:02] audio=0/0 (bit/s)
[0:00:02] audio=0/0 (bit/s)
[0:00:02] audio=0/0 (bit/s)
[0:00:03] audio=0/0 (bit/s)
[0:00:03] audio=0/0 (bit/s)
[0:00:03] audio=0/0 (bit/s)
[0:00:03] audio=0/0 (bit/s)
[0:00:03] audio=0/0 (bit/s)
[0:00:03] audio=0/0 (bit/s)
[0:00:03] audio=0/0 (bit/s)
[0:00:03] audio=0/0 (bit/s)
[0:00:03] audio=0/0 (bit/s)
[0:00:03] audio=0/0 (bit/s)
[0:00:04] audio=0/0 (bit/s)
[0:00:04] audio=0/0 (bit/s)
[0:00:04] audio=0/0 (bit/s)
[0:00:04] audio=0/0 (bit/s)
[0:00:04] audio=0/0 (bit/s)
[0:00:04] audio=0/0 (bit/s)
[0:00:04] audio=0/0 (bit/s)
[0:00:04] audio=0/0 (bit/s)
[0:00:04] audio=0/0 (bit/s)
[0:00:04] audio=0/0 (bit/s)
[0:00:05] audio=0/0 (bit/s)
[0:00:05] audio=0/0 (bit/s)
[0:00:05] audio=0/0 (bit/s)
[0:00:05] audio=0/0 (bit/s)
[0:00:05] audio=0/0 (bit/s)
[0:00:05] audio=0/0 (bit/s)
[0:00:05] audio=0/0 (bit/s)
[0:00:05] audio=0/0 (bit/s)
[0:00:05] audio=0/0 (bit/s)
[0:00:05] audio=0/0 (bit/s)
[0:00:06] audio=0/0 (bit/s)
[0:00:06] audio=0/0 (bit/s)
[0:00:06] audio=0/0 (bit/s)
[0:00:06] audio=0/0 (bit/s)
[0:00:06] audio=64319/64319 (bit/s)
[0:00:06] audio=64319/64319 (bit/s)
[0:00:06] audio=64319/64319 (bit/s)
[0:00:06] audio=64319/64319 (bit/s)
[0:00:06] audio=64319/64319 (bit/s)
[0:00:07] audio=64319/64319 (bit/s)
[0:00:07] audio=64319/64319 (bit/s)
[0:00:07] audio=64319/64319 (bit/s)
[0:00:07] audio=64319/64319 (bit/s)
[0:00:07] audio=64319/64319 (bit/s)
[0:00:07] audio=64319/64319 (bit/s)
[0:00:07] audio=64319/64319 (bit/s)
[0:00:07] audio=64319/64319 (bit/s)
[0:00:07] audio=64319/64319 (bit/s)
[0:00:07] audio=64319/64319 (bit/s)
[0:00:08] audio=64319/64319 (bit/s)
[0:00:08] audio=64319/64319 (bit/s)
[0:00:08] audio=64319/64319 (bit/s)
[0:00:08] audio=64319/64319 (bit/s)
[0:00:08] audio=64319/64319 (bit/s)
[0:00:08] audio=64319/64319 (bit/s)
[0:00:08] audio=64319/64319 (bit/s)
[0:00:08] audio=64319/64319 (bit/s)
[0:00:08] audio=64319/64319 (bit/s)
[0:00:08] audio=64319/64319 (bit/s)
[0:00:09] audio=64319/64319 (bit/s)
[0:00:09] audio=64319/64319 (bit/s)
[0:00:09] audio=64319/64319 (bit/s)
[0:00:09] audio=64319/64319 (bit/s)
[0:00:09] audio=64000/64000 (bit/s)
[0:00:09] audio=64000/64000 (bit/s)
[0:00:09] audio=64000/64000 (bit/s)
[0:00:09] audio=64000/64000 (bit/s)
[0:00:09] audio=64000/64000 (bit/s)
[0:00:09] audio=64000/64000 (bit/s)
[0:00:10] audio=64000/64000 (bit/s)
[0:00:10] audio=64000/64000 (bit/s)
[0:00:10] audio=64000/64000 (bit/s)
[0:00:10] audio=64000/64000 (bit/s)
[0:00:10] audio=64000/64000 (bit/s)
[0:00:10] audio=64000/64000 (bit/s)
[0:00:10] audio=64000/64000 (bit/s)
[0:00:10] audio=64000/64000 (bit/s)
[0:00:10] audio=64000/64000 (bit/s)
[0:00:11] audio=64000/64000 (bit/s)
[0:00:11] audio=64000/64000 (bit/s)
[0:00:11] audio=64000/64000 (bit/s)
[0:00:11] audio=64000/64000 (bit/s)
[0:00:11] audio=64000/64000 (bit/s)
[0:00:11] audio=64000/64000 (bit/s)
[0:00:11] audio=64000/64000 (bit/s)
[0:00:11] audio=64000/64000 (bit/s)
[0:00:11] audio=64000/64000 (bit/s)
[0:00:11] audio=64000/64000 (bit/s)
[0:00:12] audio=64000/64000 (bit/s)
[0:00:12] audio=64000/64000 (bit/s)
[0:00:12] audio=64000/64000 (bit/s)
[0:00:12] audio=64000/64000 (bit/s)
[0:00:12] audio=64000/64000 (bit/s)
[0:00:12] audio=64000/64000 (bit/s)
[0:00:12] audio=64000/64000 (bit/s)
[0:00:12] audio=64000/64000 (bit/s)
[0:00:12] audio=64000/64000 (bit/s)
[0:00:12] audio=64000/64000 (bit/s)
[0:00:13] audio=64000/64000 (bit/s)
[0:00:13] audio=64000/64000 (bit/s)
[0:00:13] audio=64000/64000 (bit/s)
[0:00:13] audio=64000/64000 (bit/s)
[0:00:13] audio=64000/64000 (bit/s)
call: terminate call 'd8f7231be12d97e8' with sip:4267@192.168.6.120:5060
[36;1m21:36:01.546#
UDP 140.124.42.67:64882 -> 192.168.6.120:5060
BYE sip:101@192.168.6.120:5060 SIP/2.0
Via: SIP/2.0/UDP 140.124.42.67:64882;branch=z9hG4bK33f1f1020cf11850;rport
Max-Forwards: 70
To: <sip:4267@192.168.6.120:5060>;tag=23dc3d57
From: <sip:101@140.124.42.67>;tag=d973eeecf3fcdb71
Call-ID: d8f7231be12d97e8
CSeq: 57107 BYE
User-Agent: baresip v4.9.0 (AMD64/Windows)
Content-Length: 0
[;m
sip:101@140.124.42.67: Call with sip:4267@192.168.6.120:5060 terminated (duration: 13 secs)
audio           Transmit:     Receive:
packets:            633          634
avg. bitrate:      63.8         63.8  (kbit/s)
errors:               0            0
[36;1m21:36:01.593#
UDP 192.168.6.120:5060 -> 140.124.42.67:64882
SIP/2.0 200 OK
Via: SIP/2.0/UDP 140.124.42.67:64882;rport=64882;received=192.168.6.1;branch=z9hG4bK33f1f1020cf11850
From: <sip:101@140.124.42.67>;tag=d973eeecf3fcdb71
To: <sip:4267@192.168.6.120:5060>;tag=23dc3d57
Call-ID: d8f7231be12d97e8
CSeq: 57107 BYE
Content-Length: 0
[;m
tcp: recv handler: recv(): Unknown error [10053]

--- Baresip run 2026-07-07T21:36:06 ---
baresip v4.9.0 Copyright (C) 2010 - 2025 Alfred E. Heggestad et al.
Local network addresses:
 {E9883888-1437-4B71-ACCC-A557E6C989F3}:  fe80::a24e:6067:1df:b7d0
 {E9883888-1437-4B71-ACCC-A557E6C989F3}:  140.124.42.67
aucodec: PCMU/8000/1
aucodec: PCMA/8000/1
aufilt: auconv
aufilt: auresamp
ausrc: aufile
auplay: aufile
ausrc: ausine
Populated 1 account
Populated 2 audio codecs
Populated 2 audio filters
Populated 0 video codecs
Populated 0 video filters
baresip is ready.
101@140.124.42.67: selected for request
call: connecting to 'sip:4267@192.168.6.120:5060'..
[36;1m21:36:07.466#
UDP 140.124.42.67:64882 -> 192.168.6.120:5060
INVITE sip:4267@192.168.6.120:5060 SIP/2.0
Via: SIP/2.0/UDP 140.124.42.67:64882;branch=z9hG4bKba17008a668b4475;rport
Contact: <sip:101@140.124.42.67:64882>
Max-Forwards: 70
To: <sip:4267@192.168.6.120:5060>
From: <sip:101@140.124.42.67>;tag=dddc3d230c110791
Call-ID: 9b580c88e5bd3df3
CSeq: 18984 INVITE
User-Agent: baresip v4.9.0 (AMD64/Windows)
Allow: INVITE,ACK,BYE,CANCEL,OPTIONS,NOTIFY,INFO,MESSAGE,UPDATE,REFER
Supported: gruu,replaces,norefersub
Content-Type: application/sdp
Content-Length: 323
v=0
o=- 2955159215 1691106097 IN IP4 140.124.42.67
s=-
c=IN IP4 140.124.42.67
t=0 0
m=audio 4004 RTP/AVP 8 0 101
a=rtpmap:8 PCMA/8000
a=rtpmap:0 PCMU/8000
a=rtpmap:101 telephone-event/8000
a=fmtp:101 0-15
a=sendrecv
a=rtcp-rsize
a=ssrc:959499537 cname:sip:101@140.124.42.67
a=mid:0
a=minptime:20
a=ptime:20
[;m
tcp: send: write(): Unknown error [10053] (fdc=900)
[31mctrl_tcp: failed to send the response (Unknown error [10053])
[;mtcp: recv handler: recv(): Unknown error [10053]
[36;1m21:36:07.500#
UDP 192.168.6.120:5060 -> 140.124.42.67:64882
SIP/2.0 100 Trying
Via: SIP/2.0/UDP 140.124.42.67:64882;rport=64882;received=192.168.6.1;branch=z9hG4bKba17008a668b4475
From: <sip:101@140.124.42.67>;tag=dddc3d230c110791
To: <sip:4267@192.168.6.120:5060>
Call-ID: 9b580c88e5bd3df3
CSeq: 18984 INVITE
Content-Length: 0
[;m
[36;1m21:36:07.575#
UDP 192.168.6.120:5060 -> 140.124.42.67:64882
SIP/2.0 180 Ringing
Via: SIP/2.0/UDP 140.124.42.67:64882;rport=64882;received=192.168.6.1;branch=z9hG4bKba17008a668b4475
From: <sip:101@140.124.42.67>;tag=dddc3d230c110791
To: <sip:4267@192.168.6.120:5060>;tag=03d80f5b
Call-ID: 9b580c88e5bd3df3
Contact: <sip:101@192.168.6.120:5060>
CSeq: 18984 INVITE
Content-Length: 0
[;m
call: SIP Progress: 180 Ringing (/)
aufile: writing speaker audio to nil
[36;1m21:36:08.033#
UDP 192.168.6.120:5060 -> 140.124.42.67:64882
SIP/2.0 200 OK
Via: SIP/2.0/UDP 140.124.42.67:64882;rport=64882;received=192.168.6.1;branch=z9hG4bKba17008a668b4475
From: <sip:101@140.124.42.67>;tag=dddc3d230c110791
To: <sip:4267@192.168.6.120:5060>;tag=03d80f5b
Call-ID: 9b580c88e5bd3df3
Contact: <sip:101@192.168.6.120:5060>
CSeq: 18984 INVITE
Allow: INVITE,CANCEL,ACK,BYE,NOTIFY,REFER,OPTIONS,INFO,MESSAGE,UPDATE
Supported: replaces,timer
Content-Type: application/sdp
User-Agent: IPSPK-v1.306
Content-Length: 183
v=0
o=CMI-SIPUA 41410 0 IN IP4 192.168.6.120
s=SIP CALL
c=IN IP4 192.168.6.120
t=0 0
m=audio 20000 RTP/AVP 8 101
a=rtpmap:101 telephone-event/8000
a=fmtp:101 0-15
a=sendrecv
[;m
101@140.124.42.67: Call answered: sip:4267@192.168.6.120:5060
stream: update 'audio'
audio_recv: Set audio decoder: PCMA 8000Hz 1ch
aufile: writing speaker audio to nil
audio_recv: player started with sample format S16LE
audio: Set audio encoder: PCMA 8000Hz 1ch
ausine: 8000 Hz, 1 channels, frequency 1000 Hz CH_MODE: 3
ausine: audio ptime=20 sampc=160
audio: source started with sample format S16LE
audio tx pipeline:      ausine ---> aubuf ---> auconv ---> auresamp ---> PCMA
audio rx pipeline:      aufile <--- aubuf <--- auconv <--- auresamp <--- PCMA
[36;1m21:36:08.081#
UDP 140.124.42.67:64882 -> 192.168.6.120:5060
ACK sip:101@192.168.6.120:5060 SIP/2.0
Via: SIP/2.0/UDP 140.124.42.67:64882;branch=z9hG4bK685f37bc3c99c260;rport
Max-Forwards: 70
To: <sip:4267@192.168.6.120:5060>;tag=03d80f5b
From: <sip:101@140.124.42.67>;tag=dddc3d230c110791
Call-ID: 9b580c88e5bd3df3
CSeq: 18984 ACK
User-Agent: baresip v4.9.0 (AMD64/Windows)
Content-Length: 0
[;m
101@140.124.42.67: Call established: sip:4267@192.168.6.120:5060
[0:00:00] audio=0/0 (bit/s)
[0:00:00] audio=0/0 (bit/s)
[0:00:00] audio=0/0 (bit/s)
[0:00:00] audio=0/0 (bit/s)
[0:00:00] audio=0/0 (bit/s)
[0:00:00] audio=0/0 (bit/s)
[0:00:00] audio=0/0 (bit/s)
[0:00:00] audio=0/0 (bit/s)
[0:00:01] audio=0/0 (bit/s)
[0:00:01] audio=0/0 (bit/s)
[0:00:01] audio=0/0 (bit/s)
[0:00:01] audio=0/0 (bit/s)
[0:00:01] audio=0/0 (bit/s)
[0:00:01] audio=0/0 (bit/s)
[0:00:01] audio=0/0 (bit/s)
[0:00:01] audio=0/0 (bit/s)
[0:00:01] audio=0/0 (bit/s)
[0:00:01] audio=0/0 (bit/s)
[0:00:02] audio=0/0 (bit/s)
[0:00:02] audio=0/0 (bit/s)
[0:00:02] audio=0/0 (bit/s)
[0:00:02] audio=0/0 (bit/s)
[0:00:02] audio=0/0 (bit/s)
[0:00:02] audio=0/0 (bit/s)
[0:00:02] audio=0/0 (bit/s)
[0:00:02] audio=0/0 (bit/s)
[0:00:02] audio=0/0 (bit/s)
[0:00:02] audio=0/0 (bit/s)
[0:00:03] audio=0/0 (bit/s)
[0:00:03] audio=0/0 (bit/s)
[0:00:03] audio=0/0 (bit/s)
[0:00:03] audio=0/0 (bit/s)
[0:00:03] audio=0/0 (bit/s)
[0:00:03] audio=0/0 (bit/s)
[0:00:03] audio=0/0 (bit/s)
[0:00:03] audio=0/0 (bit/s)
[0:00:03] audio=0/0 (bit/s)
[0:00:04] audio=0/0 (bit/s)
[0:00:04] audio=0/0 (bit/s)
[0:00:04] audio=0/0 (bit/s)
[0:00:04] audio=0/0 (bit/s)
[0:00:04] audio=0/0 (bit/s)
[0:00:04] audio=0/0 (bit/s)
[0:00:04] audio=0/0 (bit/s)
[0:00:04] audio=0/0 (bit/s)
[0:00:04] audio=0/0 (bit/s)
[0:00:04] audio=0/0 (bit/s)
[0:00:05] audio=0/0 (bit/s)
[0:00:05] audio=0/0 (bit/s)
[0:00:05] audio=0/0 (bit/s)
[0:00:05] audio=0/0 (bit/s)
[0:00:05] audio=0/0 (bit/s)
[0:00:05] audio=0/0 (bit/s)
[0:00:05] audio=64000/64426 (bit/s)
[0:00:05] audio=64000/64426 (bit/s)
[0:00:05] audio=64000/64426 (bit/s)
[0:00:05] audio=64000/64426 (bit/s)
[0:00:06] audio=64000/64426 (bit/s)
[0:00:06] audio=64000/64426 (bit/s)
[0:00:06] audio=64000/64426 (bit/s)
[0:00:06] audio=64000/64426 (bit/s)
[0:00:06] audio=64000/64426 (bit/s)
[0:00:06] audio=64000/64426 (bit/s)
[0:00:06] audio=64000/64426 (bit/s)
[0:00:06] audio=64000/64426 (bit/s)
[0:00:06] audio=64000/64426 (bit/s)
[0:00:06] audio=64000/64426 (bit/s)
[0:00:07] audio=64000/64426 (bit/s)
[0:00:07] audio=64000/64426 (bit/s)
[0:00:07] audio=64000/64426 (bit/s)
[0:00:07] audio=64000/64426 (bit/s)
[0:00:07] audio=64000/64426 (bit/s)
[0:00:07] audio=64000/64426 (bit/s)
[0:00:07] audio=64000/64426 (bit/s)
[0:00:07] audio=64000/64426 (bit/s)
[0:00:07] audio=64000/64426 (bit/s)
[0:00:07] audio=64000/64426 (bit/s)
[0:00:08] audio=64000/64426 (bit/s)
[0:00:08] audio=64000/64426 (bit/s)
[0:00:08] audio=64000/64426 (bit/s)
[0:00:08] audio=64000/64426 (bit/s)
[0:00:08] audio=64000/64426 (bit/s)
[0:00:08] audio=63872/63872 (bit/s)
[0:00:08] audio=63872/63872 (bit/s)
[0:00:08] audio=63872/63872 (bit/s)
[0:00:08] audio=63872/63872 (bit/s)
[0:00:08] audio=63872/63872 (bit/s)
[0:00:09] audio=63872/63872 (bit/s)
[0:00:09] audio=63872/63872 (bit/s)
[0:00:09] audio=63872/63872 (bit/s)
[0:00:09] audio=63872/63872 (bit/s)
[0:00:09] audio=63872/63872 (bit/s)
[0:00:09] audio=63872/63872 (bit/s)
[0:00:09] audio=63872/63872 (bit/s)
[0:00:09] audio=63872/63872 (bit/s)
[0:00:09] audio=63872/63872 (bit/s)
[0:00:09] audio=63872/63872 (bit/s)
[0:00:10] audio=63872/63872 (bit/s)
[0:00:10] audio=63872/63872 (bit/s)
[0:00:10] audio=63872/63872 (bit/s)
[0:00:10] audio=63872/63872 (bit/s)
[0:00:10] audio=63872/63872 (bit/s)
[0:00:10] audio=63872/63872 (bit/s)
[0:00:10] audio=63872/63872 (bit/s)
[0:00:10] audio=63872/63872 (bit/s)
[0:00:10] audio=63872/63872 (bit/s)
[0:00:11] audio=63872/63872 (bit/s)
[0:00:11] audio=63872/63872 (bit/s)
[0:00:11] audio=63872/63872 (bit/s)
[0:00:11] audio=63872/63872 (bit/s)
[0:00:11] audio=63872/63872 (bit/s)
[0:00:11] audio=63872/63872 (bit/s)
[0:00:11] audio=64148/63723 (bit/s)
[0:00:11] audio=64148/63723 (bit/s)
[0:00:11] audio=64148/63723 (bit/s)
[0:00:11] audio=64148/63723 (bit/s)
[0:00:12] audio=64148/63723 (bit/s)
[0:00:12] audio=64148/63723 (bit/s)
[0:00:12] audio=64148/63723 (bit/s)
[0:00:12] audio=64148/63723 (bit/s)
[0:00:12] audio=64148/63723 (bit/s)
[0:00:12] audio=64148/63723 (bit/s)
[0:00:12] audio=64148/63723 (bit/s)
[0:00:12] audio=64148/63723 (bit/s)
call: terminate call '9b580c88e5bd3df3' with sip:4267@192.168.6.120:5060
[36;1m21:36:20.721#
UDP 140.124.42.67:64882 -> 192.168.6.120:5060
BYE sip:101@192.168.6.120:5060 SIP/2.0
Via: SIP/2.0/UDP 140.124.42.67:64882;branch=z9hG4bKcc6f1edd7e5f2749;rport
Max-Forwards: 70
To: <sip:4267@192.168.6.120:5060>;tag=03d80f5b
From: <sip:101@140.124.42.67>;tag=dddc3d230c110791
Call-ID: 9b580c88e5bd3df3
CSeq: 18985 BYE
User-Agent: baresip v4.9.0 (AMD64/Windows)
Content-Length: 0
[;m
sip:101@140.124.42.67: Call with sip:4267@192.168.6.120:5060 terminated (duration: 12 secs)
audio           Transmit:     Receive:
packets:            631          632
avg. bitrate:      63.8         63.8  (kbit/s)
errors:               0            0
[36;1m21:36:20.768#
UDP 192.168.6.120:5060 -> 140.124.42.67:64882
SIP/2.0 200 OK
Via: SIP/2.0/UDP 140.124.42.67:64882;rport=64882;received=192.168.6.1;branch=z9hG4bKcc6f1edd7e5f2749
From: <sip:101@140.124.42.67>;tag=dddc3d230c110791
To: <sip:4267@192.168.6.120:5060>;tag=03d80f5b
Call-ID: 9b580c88e5bd3df3
CSeq: 18985 BYE
Content-Length: 0
[;m
tcp: recv handler: recv(): Unknown error [10053]

--- Baresip run 2026-07-08T00:23:01 ---
baresip v4.9.0 Copyright (C) 2010 - 2025 Alfred E. Heggestad et al.
Local network addresses:
 {E9883888-1437-4B71-ACCC-A557E6C989F3}:  fe80::a24e:6067:1df:b7d0
 {E9883888-1437-4B71-ACCC-A557E6C989F3}:  140.124.42.67
aucodec: PCMU/8000/1
aucodec: PCMA/8000/1
aufilt: auconv
aufilt: auresamp
ausrc: aufile
auplay: aufile
ausrc: ausine
ausrc: wasapi
auplay: wasapi
wasapi/device/play: CABLE Input (VB-Audio Virtual Cable) ({0.0.0.00000000}.{3c33c8a2-01f5-44a5-bbcb-085984901f36})
wasapi/device/play: 喇叭 (Realtek(R) Audio) ({0.0.0.00000000}.{a3e110fd-256d-4bbb-ae02-9a851e92111b})
wasapi/device/play: CABLE In 16ch (VB-Audio Virtual Cable) ({0.0.0.00000000}.{f3ce26bd-d2fd-4777-a9bd-ab740c68e878})
wasapi/device/src: CABLE Output (VB-Audio Virtual Cable) ({0.0.1.00000000}.{aaf7e322-e320-469a-a9b4-a9525e7f8c66})
wasapi/device/src: 立體聲混音 (Realtek(R) Audio) ({0.0.1.00000000}.{d12b79ae-68dc-47c0-86a8-e8714c349967})
wasapi: output devices: 3, input devices: 2
Populated 1 account
Populated 2 audio codecs
Populated 2 audio filters
Populated 0 video codecs
Populated 0 video filters
baresip is ready.
101@140.124.42.67: selected for request
call: connecting to 'sip:4267@192.168.6.120:5060'..
[36;1m00:23:02.822#
UDP 140.124.42.67:64882 -> 192.168.6.120:5060
INVITE sip:4267@192.168.6.120:5060 SIP/2.0
Via: SIP/2.0/UDP 140.124.42.67:64882;branch=z9hG4bKce122265590214b5;rport
Contact: <sip:101@140.124.42.67:64882>
Max-Forwards: 70
To: <sip:4267@192.168.6.120:5060>
From: <sip:101@140.124.42.67>;tag=1e4232f6ef7303c0
Call-ID: d55baa61e1f224fb
CSeq: 43566 INVITE
User-Agent: baresip v4.9.0 (AMD64/Windows)
Allow: INVITE,ACK,BYE,CANCEL,OPTIONS,NOTIFY,INFO,MESSAGE,UPDATE,REFER
Supported: gruu,replaces,norefersub
Content-Type: application/sdp
Content-Length: 273
v=0
o=- 3307538875 492315919 IN IP4 140.124.42.67
s=-
c=IN IP4 140.124.42.67
t=0 0
m=audio 4004 RTP/AVP 8 0 101
a=rtpmap:8 PCMA/8000
a=rtpmap:0 PCMU/8000
a=rtpmap:101 telephone-event/8000
a=fmtp:101 0-15
a=sendrecv
a=ssrc:3032603143 cname:sip:101@140.124.42.67
[;m
tcp: send: write(): Unknown error [10053] (fdc=928)
[31mctrl_tcp: failed to send the response (Unknown error [10053])
[;mtcp: recv handler: recv(): Unknown error [10053]
[36;1m00:23:02.869#
UDP 192.168.6.120:5060 -> 140.124.42.67:64882
SIP/2.0 100 Trying
Via: SIP/2.0/UDP 140.124.42.67:64882;rport=64882;received=192.168.6.1;branch=z9hG4bKce122265590214b5
From: <sip:101@140.124.42.67>;tag=1e4232f6ef7303c0
To: <sip:4267@192.168.6.120:5060>
Call-ID: d55baa61e1f224fb
CSeq: 43566 INVITE
Content-Length: 0
[;m
[36;1m00:23:02.938#
UDP 192.168.6.120:5060 -> 140.124.42.67:64882
SIP/2.0 180 Ringing
Via: SIP/2.0/UDP 140.124.42.67:64882;rport=64882;received=192.168.6.1;branch=z9hG4bKce122265590214b5
From: <sip:101@140.124.42.67>;tag=1e4232f6ef7303c0
To: <sip:4267@192.168.6.120:5060>;tag=39ec7a73
Call-ID: d55baa61e1f224fb
Contact: <sip:101@192.168.6.120:5060>
CSeq: 43566 INVITE
Content-Length: 0
[;m
call: SIP Progress: 180 Ringing (/)
aufile: writing speaker audio to nil
[36;1m00:23:03.448#
UDP 192.168.6.120:5060 -> 140.124.42.67:64882
SIP/2.0 200 OK
Via: SIP/2.0/UDP 140.124.42.67:64882;rport=64882;received=192.168.6.1;branch=z9hG4bKce122265590214b5
From: <sip:101@140.124.42.67>;tag=1e4232f6ef7303c0
To: <sip:4267@192.168.6.120:5060>;tag=39ec7a73
Call-ID: d55baa61e1f224fb
Contact: <sip:101@192.168.6.120:5060>
CSeq: 43566 INVITE
Allow: INVITE,CANCEL,ACK,BYE,NOTIFY,REFER,OPTIONS,INFO,MESSAGE,UPDATE
Supported: replaces,timer
Content-Type: application/sdp
User-Agent: IPSPK-v1.306
Content-Length: 183
v=0
o=CMI-SIPUA 19876 0 IN IP4 192.168.6.120
s=SIP CALL
c=IN IP4 192.168.6.120
t=0 0
m=audio 20000 RTP/AVP 8 101
a=rtpmap:101 telephone-event/8000
a=fmtp:101 0-15
a=sendrecv
[;m
101@140.124.42.67: Call answered: sip:4267@192.168.6.120:5060
stream: update 'audio'
audio_recv: Set audio decoder: PCMA 8000Hz 1ch
aufile: writing speaker audio to nil
audio_recv: player started with sample format S16LE
audio: Set audio encoder: PCMA 8000Hz 1ch
audio: source started with sample format S16LE
audio tx pipeline:      wasapi ---> aubuf ---> auconv ---> auresamp ---> PCMA
audio rx pipeline:      aufile <--- aubuf <--- auconv <--- auresamp <--- PCMA
[36;1m00:23:03.469#
UDP 140.124.42.67:64882 -> 192.168.6.120:5060
ACK sip:101@192.168.6.120:5060 SIP/2.0
Via: SIP/2.0/UDP 140.124.42.67:64882;branch=z9hG4bKbd090037d4129d5f;rport
Max-Forwards: 70
To: <sip:4267@192.168.6.120:5060>;tag=39ec7a73
From: <sip:101@140.124.42.67>;tag=1e4232f6ef7303c0
Call-ID: d55baa61e1f224fb
CSeq: 43566 ACK
User-Agent: baresip v4.9.0 (AMD64/Windows)
Content-Length: 0
[;m
101@140.124.42.67: Call established: sip:4267@192.168.6.120:5060
[0:00:00] audio=0/0 (bit/s)
[0:00:00] audio=0/0 (bit/s)
[0:00:00] audio=0/0 (bit/s)
[0:00:00] audio=0/0 (bit/s)
[0:00:00] audio=0/0 (bit/s)
[0:00:01] audio=0/0 (bit/s)
[0:00:01] audio=0/0 (bit/s)
[0:00:01] audio=0/0 (bit/s)
[0:00:01] audio=0/0 (bit/s)
[0:00:01] audio=0/0 (bit/s)
[0:00:01] audio=0/0 (bit/s)
[0:00:01] audio=0/0 (bit/s)
[0:00:01] audio=0/0 (bit/s)
[0:00:01] audio=0/0 (bit/s)
[0:00:02] audio=0/0 (bit/s)
[0:00:02] audio=0/0 (bit/s)
[0:00:02] audio=0/0 (bit/s)
[0:00:02] audio=0/0 (bit/s)
[0:00:02] audio=0/0 (bit/s)
[0:00:02] audio=0/0 (bit/s)
[0:00:02] audio=0/0 (bit/s)
[0:00:02] audio=0/0 (bit/s)
[0:00:02] audio=0/0 (bit/s)
[0:00:02] audio=0/0 (bit/s)
[0:00:03] audio=0/0 (bit/s)
[0:00:03] audio=0/0 (bit/s)
[0:00:03] audio=0/0 (bit/s)
[0:00:03] audio=0/0 (bit/s)
[0:00:03] audio=0/0 (bit/s)
[0:00:03] audio=0/0 (bit/s)
[0:00:03] audio=0/0 (bit/s)
[0:00:03] audio=0/0 (bit/s)
[0:00:03] audio=0/0 (bit/s)
[0:00:03] audio=0/0 (bit/s)
[0:00:04] audio=0/0 (bit/s)
[0:00:04] audio=0/0 (bit/s)
[0:00:04] audio=0/0 (bit/s)
[0:00:04] audio=0/0 (bit/s)
[0:00:04] audio=0/0 (bit/s)
[0:00:04] audio=0/0 (bit/s)
[0:00:04] audio=0/0 (bit/s)
[0:00:04] audio=0/0 (bit/s)

--- Baresip run 2026-07-08T00:23:38 ---
baresip v4.9.0 Copyright (C) 2010 - 2025 Alfred E. Heggestad et al.
Local network addresses:
 {E9883888-1437-4B71-ACCC-A557E6C989F3}:  fe80::a24e:6067:1df:b7d0
 {E9883888-1437-4B71-ACCC-A557E6C989F3}:  140.124.42.67
aucodec: PCMU/8000/1
aucodec: PCMA/8000/1
aufilt: auconv
aufilt: auresamp
ausrc: aufile
auplay: aufile
ausrc: ausine
ausrc: wasapi
auplay: wasapi
wasapi/device/play: CABLE Input (VB-Audio Virtual Cable) ({0.0.0.00000000}.{3c33c8a2-01f5-44a5-bbcb-085984901f36})
wasapi/device/play: 喇叭 (Realtek(R) Audio) ({0.0.0.00000000}.{a3e110fd-256d-4bbb-ae02-9a851e92111b})
wasapi/device/play: CABLE In 16ch (VB-Audio Virtual Cable) ({0.0.0.00000000}.{f3ce26bd-d2fd-4777-a9bd-ab740c68e878})
wasapi/device/src: CABLE Output (VB-Audio Virtual Cable) ({0.0.1.00000000}.{aaf7e322-e320-469a-a9b4-a9525e7f8c66})
wasapi/device/src: 立體聲混音 (Realtek(R) Audio) ({0.0.1.00000000}.{d12b79ae-68dc-47c0-86a8-e8714c349967})
wasapi: output devices: 3, input devices: 2
Populated 1 account
Populated 2 audio codecs
Populated 2 audio filters
Populated 0 video codecs
Populated 0 video filters
baresip is ready.
101@140.124.42.67: selected for request
call: connecting to 'sip:4267@192.168.6.120:5060'..
[36;1m00:23:39.570#
UDP 140.124.42.67:64882 -> 192.168.6.120:5060
INVITE sip:4267@192.168.6.120:5060 SIP/2.0
Via: SIP/2.0/UDP 140.124.42.67:64882;branch=z9hG4bK76b6f26caad2ab61;rport
Contact: <sip:101@140.124.42.67:64882>
Max-Forwards: 70
To: <sip:4267@192.168.6.120:5060>
From: <sip:101@140.124.42.67>;tag=b0e3f1bbe6b41c18
Call-ID: d60e89607b782501
CSeq: 35982 INVITE
User-Agent: baresip v4.9.0 (AMD64/Windows)
Allow: INVITE,ACK,BYE,CANCEL,OPTIONS,NOTIFY,INFO,MESSAGE,UPDATE,REFER
Supported: gruu,replaces,norefersub
Content-Type: application/sdp
Content-Length: 273
v=0
o=- 1970504582 795300566 IN IP4 140.124.42.67
s=-
c=IN IP4 140.124.42.67
t=0 0
m=audio 4004 RTP/AVP 8 0 101
a=rtpmap:8 PCMA/8000
a=rtpmap:0 PCMU/8000
a=rtpmap:101 telephone-event/8000
a=fmtp:101 0-15
a=sendrecv
a=ssrc:1501996319 cname:sip:101@140.124.42.67
[;m
tcp: send: write(): Unknown error [10053] (fdc=996)
[31mctrl_tcp: failed to send the response (Unknown error [10053])
[;mtcp: recv handler: recv(): Unknown error [10053]
[36;1m00:23:39.619#
UDP 192.168.6.120:5060 -> 140.124.42.67:64882
SIP/2.0 100 Trying
Via: SIP/2.0/UDP 140.124.42.67:64882;rport=64882;received=192.168.6.1;branch=z9hG4bK76b6f26caad2ab61
From: <sip:101@140.124.42.67>;tag=b0e3f1bbe6b41c18
To: <sip:4267@192.168.6.120:5060>
Call-ID: d60e89607b782501
CSeq: 35982 INVITE
Content-Length: 0
[;m
[36;1m00:23:39.685#
UDP 192.168.6.120:5060 -> 140.124.42.67:64882
SIP/2.0 180 Ringing
Via: SIP/2.0/UDP 140.124.42.67:64882;rport=64882;received=192.168.6.1;branch=z9hG4bK76b6f26caad2ab61
From: <sip:101@140.124.42.67>;tag=b0e3f1bbe6b41c18
To: <sip:4267@192.168.6.120:5060>;tag=1b2110f8
Call-ID: d60e89607b782501
Contact: <sip:101@192.168.6.120:5060>
CSeq: 35982 INVITE
Content-Length: 0
[;m
call: SIP Progress: 180 Ringing (/)
aufile: writing speaker audio to nil
[36;1m00:23:40.041#
UDP 192.168.6.120:5060 -> 140.124.42.67:64882
SIP/2.0 200 OK
Via: SIP/2.0/UDP 140.124.42.67:64882;rport=64882;received=192.168.6.1;branch=z9hG4bK76b6f26caad2ab61
From: <sip:101@140.124.42.67>;tag=b0e3f1bbe6b41c18
To: <sip:4267@192.168.6.120:5060>;tag=1b2110f8
Call-ID: d60e89607b782501
Contact: <sip:101@192.168.6.120:5060>
CSeq: 35982 INVITE
Allow: INVITE,CANCEL,ACK,BYE,NOTIFY,REFER,OPTIONS,INFO,MESSAGE,UPDATE
Supported: replaces,timer
Content-Type: application/sdp
User-Agent: IPSPK-v1.306
Content-Length: 183
v=0
o=CMI-SIPUA 21697 0 IN IP4 192.168.6.120
s=SIP CALL
c=IN IP4 192.168.6.120
t=0 0
m=audio 20000 RTP/AVP 8 101
a=rtpmap:101 telephone-event/8000
a=fmtp:101 0-15
a=sendrecv
[;m
101@140.124.42.67: Call answered: sip:4267@192.168.6.120:5060
stream: update 'audio'
audio_recv: Set audio decoder: PCMA 8000Hz 1ch
aufile: writing speaker audio to nil
audio_recv: player started with sample format S16LE
audio: Set audio encoder: PCMA 8000Hz 1ch
audio: source started with sample format S16LE
audio tx pipeline:      wasapi ---> aubuf ---> auconv ---> auresamp ---> PCMA
audio rx pipeline:      aufile <--- aubuf <--- auconv <--- auresamp <--- PCMA
[36;1m00:23:40.052#
UDP 140.124.42.67:64882 -> 192.168.6.120:5060
ACK sip:101@192.168.6.120:5060 SIP/2.0
Via: SIP/2.0/UDP 140.124.42.67:64882;branch=z9hG4bKeccdbd13e214c945;rport
Max-Forwards: 70
To: <sip:4267@192.168.6.120:5060>;tag=1b2110f8
From: <sip:101@140.124.42.67>;tag=b0e3f1bbe6b41c18
Call-ID: d60e89607b782501
CSeq: 35982 ACK
User-Agent: baresip v4.9.0 (AMD64/Windows)
Content-Length: 0
[;m
101@140.124.42.67: Call established: sip:4267@192.168.6.120:5060
[0:00:00] audio=0/0 (bit/s)
[0:00:00] audio=0/0 (bit/s)
[0:00:00] audio=0/0 (bit/s)
[0:00:00] audio=0/0 (bit/s)
[0:00:00] audio=0/0 (bit/s)
[0:00:00] audio=0/0 (bit/s)
[0:00:00] audio=0/0 (bit/s)
[0:00:00] audio=0/0 (bit/s)
[0:00:00] audio=0/0 (bit/s)
[0:00:01] audio=0/0 (bit/s)
[0:00:01] audio=0/0 (bit/s)
[0:00:01] audio=0/0 (bit/s)
[0:00:01] audio=0/0 (bit/s)
[0:00:01] audio=0/0 (bit/s)
[0:00:01] audio=0/0 (bit/s)
[0:00:01] audio=0/0 (bit/s)
[0:00:01] audio=0/0 (bit/s)
[0:00:01] audio=0/0 (bit/s)
[0:00:02] audio=0/0 (bit/s)
[0:00:02] audio=0/0 (bit/s)
[0:00:02] audio=0/0 (bit/s)
[0:00:02] audio=0/0 (bit/s)
[0:00:02] audio=0/0 (bit/s)
[0:00:02] audio=0/0 (bit/s)
[0:00:02] audio=0/0 (bit/s)
[0:00:02] audio=0/0 (bit/s)
[0:00:02] audio=0/0 (bit/s)
[0:00:02] audio=0/0 (bit/s)
[0:00:03] audio=0/0 (bit/s)
[0:00:03] audio=0/0 (bit/s)
[0:00:03] audio=0/0 (bit/s)
[0:00:03] audio=0/0 (bit/s)
[0:00:03] audio=0/0 (bit/s)
[0:00:03] audio=0/0 (bit/s)
[0:00:03] audio=0/0 (bit/s)
[0:00:03] audio=0/0 (bit/s)
[0:00:03] audio=0/0 (bit/s)
[0:00:03] audio=0/0 (bit/s)
[0:00:04] audio=0/0 (bit/s)
[0:00:04] audio=0/0 (bit/s)
[0:00:04] audio=0/0 (bit/s)
[0:00:04] audio=0/0 (bit/s)
[0:00:04] audio=0/0 (bit/s)
[0:00:04] audio=0/0 (bit/s)
[0:00:04] audio=0/0 (bit/s)
[0:00:04] audio=0/0 (bit/s)

--- Baresip run 2026-07-08T14:59:34 ---
baresip v4.9.0 Copyright (C) 2010 - 2025 Alfred E. Heggestad et al.
Local network addresses:
 {E9883888-1437-4B71-ACCC-A557E6C989F3}:  fe80::a24e:6067:1df:b7d0
 {E9883888-1437-4B71-ACCC-A557E6C989F3}:  140.124.42.67
aucodec: PCMU/8000/1
aucodec: PCMA/8000/1
aufilt: auconv
aufilt: auresamp
ausrc: aufile
auplay: aufile
ausrc: ausine
ausrc: wasapi
auplay: wasapi
wasapi/device/play: CABLE Input (VB-Audio Virtual Cable) ({0.0.0.00000000}.{3c33c8a2-01f5-44a5-bbcb-085984901f36})
wasapi/device/play: 喇叭 (Realtek(R) Audio) ({0.0.0.00000000}.{a3e110fd-256d-4bbb-ae02-9a851e92111b})
wasapi/device/play: CABLE In 16ch (VB-Audio Virtual Cable) ({0.0.0.00000000}.{f3ce26bd-d2fd-4777-a9bd-ab740c68e878})
wasapi/device/src: CABLE Output (VB-Audio Virtual Cable) ({0.0.1.00000000}.{aaf7e322-e320-469a-a9b4-a9525e7f8c66})
wasapi/device/src: 立體聲混音 (Realtek(R) Audio) ({0.0.1.00000000}.{d12b79ae-68dc-47c0-86a8-e8714c349967})
wasapi: output devices: 3, input devices: 2
Populated 1 account
Populated 2 audio codecs
Populated 2 audio filters
Populated 0 video codecs
Populated 0 video filters
baresip is ready.
101@140.124.42.67: selected for request
call: connecting to 'sip:4267@192.168.6.120:5060'..
[36;1m14:59:35.409#
UDP 140.124.42.67:64882 -> 192.168.6.120:5060
INVITE sip:4267@192.168.6.120:5060 SIP/2.0
Via: SIP/2.0/UDP 140.124.42.67:64882;branch=z9hG4bKf63506a17ed21fbf;rport
Contact: <sip:101@140.124.42.67:64882>
Max-Forwards: 70
To: <sip:4267@192.168.6.120:5060>
From: <sip:101@140.124.42.67>;tag=92b472b19e319ff9
Call-ID: c176dcedc0cb4876
CSeq: 18908 INVITE
User-Agent: baresip v4.9.0 (AMD64/Windows)
Allow: INVITE,ACK,BYE,CANCEL,OPTIONS,NOTIFY,INFO,MESSAGE,UPDATE,REFER
Supported: gruu,replaces,norefersub
Content-Type: application/sdp
Content-Length: 274
v=0
o=- 1916037844 1164486816 IN IP4 140.124.42.67
s=-
c=IN IP4 140.124.42.67
t=0 0
m=audio 4004 RTP/AVP 8 0 101
a=rtpmap:8 PCMA/8000
a=rtpmap:0 PCMU/8000
a=rtpmap:101 telephone-event/8000
a=fmtp:101 0-15
a=sendrecv
a=ssrc:2006033054 cname:sip:101@140.124.42.67
[;m
tcp: send: write(): Unknown error [10053] (fdc=1004)
[31mctrl_tcp: failed to send the response (Unknown error [10053])
[;mtcp: recv handler: recv(): Unknown error [10053]
[36;1m14:59:35.454#
UDP 192.168.6.120:5060 -> 140.124.42.67:64882
SIP/2.0 100 Trying
Via: SIP/2.0/UDP 140.124.42.67:64882;rport=64882;received=192.168.6.1;branch=z9hG4bKf63506a17ed21fbf
From: <sip:101@140.124.42.67>;tag=92b472b19e319ff9
To: <sip:4267@192.168.6.120:5060>
Call-ID: c176dcedc0cb4876
CSeq: 18908 INVITE
Content-Length: 0
[;m
[36;1m14:59:35.522#
UDP 192.168.6.120:5060 -> 140.124.42.67:64882
SIP/2.0 180 Ringing
Via: SIP/2.0/UDP 140.124.42.67:64882;rport=64882;received=192.168.6.1;branch=z9hG4bKf63506a17ed21fbf
From: <sip:101@140.124.42.67>;tag=92b472b19e319ff9
To: <sip:4267@192.168.6.120:5060>;tag=24aa50bd
Call-ID: c176dcedc0cb4876
Contact: <sip:101@192.168.6.120:5060>
CSeq: 18908 INVITE
Content-Length: 0
[;m
call: SIP Progress: 180 Ringing (/)
aufile: writing speaker audio to nil
[36;1m14:59:36.026#
UDP 192.168.6.120:5060 -> 140.124.42.67:64882
SIP/2.0 200 OK
Via: SIP/2.0/UDP 140.124.42.67:64882;rport=64882;received=192.168.6.1;branch=z9hG4bKf63506a17ed21fbf
From: <sip:101@140.124.42.67>;tag=92b472b19e319ff9
To: <sip:4267@192.168.6.120:5060>;tag=24aa50bd
Call-ID: c176dcedc0cb4876
Contact: <sip:101@192.168.6.120:5060>
CSeq: 18908 INVITE
Allow: INVITE,CANCEL,ACK,BYE,NOTIFY,REFER,OPTIONS,INFO,MESSAGE,UPDATE
Supported: replaces,timer
Content-Type: application/sdp
User-Agent: IPSPK-v1.306
Content-Length: 183
v=0
o=CMI-SIPUA 62917 0 IN IP4 192.168.6.120
s=SIP CALL
c=IN IP4 192.168.6.120
t=0 0
m=audio 20000 RTP/AVP 8 101
a=rtpmap:101 telephone-event/8000
a=fmtp:101 0-15
a=sendrecv
[;m
101@140.124.42.67: Call answered: sip:4267@192.168.6.120:5060
stream: update 'audio'
audio_recv: Set audio decoder: PCMA 8000Hz 1ch
aufile: writing speaker audio to nil
audio_recv: player started with sample format S16LE
audio: Set audio encoder: PCMA 8000Hz 1ch
audio: source started with sample format S16LE
audio tx pipeline:      wasapi ---> aubuf ---> auconv ---> auresamp ---> PCMA
audio rx pipeline:      aufile <--- aubuf <--- auconv <--- auresamp <--- PCMA
[36;1m14:59:36.069#
UDP 140.124.42.67:64882 -> 192.168.6.120:5060
ACK sip:101@192.168.6.120:5060 SIP/2.0
Via: SIP/2.0/UDP 140.124.42.67:64882;branch=z9hG4bK36fe72bea928a3e9;rport
Max-Forwards: 70
To: <sip:4267@192.168.6.120:5060>;tag=24aa50bd
From: <sip:101@140.124.42.67>;tag=92b472b19e319ff9
Call-ID: c176dcedc0cb4876
CSeq: 18908 ACK
User-Agent: baresip v4.9.0 (AMD64/Windows)
Content-Length: 0
[;m
101@140.124.42.67: Call established: sip:4267@192.168.6.120:5060
[0:00:00] audio=0/0 (bit/s)
[0:00:00] audio=0/0 (bit/s)
[0:00:00] audio=0/0 (bit/s)
[0:00:00] audio=0/0 (bit/s)
[0:00:00] audio=0/0 (bit/s)
[0:00:00] audio=0/0 (bit/s)
[0:00:00] audio=0/0 (bit/s)
[0:00:00] audio=0/0 (bit/s)
[0:00:01] audio=0/0 (bit/s)
[0:00:01] audio=0/0 (bit/s)
[0:00:01] audio=0/0 (bit/s)
[0:00:01] audio=0/0 (bit/s)
[0:00:01] audio=0/0 (bit/s)
[0:00:01] audio=0/0 (bit/s)
[0:00:01] audio=0/0 (bit/s)
[0:00:01] audio=0/0 (bit/s)
[0:00:01] audio=0/0 (bit/s)
[0:00:01] audio=0/0 (bit/s)
[0:00:02] audio=0/0 (bit/s)
[0:00:02] audio=0/0 (bit/s)
[0:00:02] audio=0/0 (bit/s)
[0:00:02] audio=0/0 (bit/s)
[0:00:02] audio=0/0 (bit/s)
[0:00:02] audio=0/0 (bit/s)
[0:00:02] audio=0/0 (bit/s)
[0:00:02] audio=0/0 (bit/s)
[0:00:02] audio=0/0 (bit/s)
[0:00:02] audio=0/0 (bit/s)
[0:00:03] audio=0/0 (bit/s)
[0:00:03] audio=0/0 (bit/s)
[0:00:03] audio=0/0 (bit/s)
[0:00:03] audio=0/0 (bit/s)
[0:00:03] audio=0/0 (bit/s)
[0:00:03] audio=0/0 (bit/s)
[0:00:03] audio=0/0 (bit/s)
[0:00:03] audio=0/0 (bit/s)
[0:00:03] audio=0/0 (bit/s)
[0:00:03] audio=0/0 (bit/s)
[0:00:04] audio=0/0 (bit/s)
[0:00:04] audio=0/0 (bit/s)
[0:00:04] audio=0/0 (bit/s)
[0:00:04] audio=0/0 (bit/s)
[0:00:04] audio=0/0 (bit/s)
[0:00:04] audio=0/0 (bit/s)
[0:00:04] audio=0/0 (bit/s)
[0:00:04] audio=0/0 (bit/s)
[0:00:04] audio=0/0 (bit/s)
[0:00:05] audio=0/0 (bit/s)
[0:00:05] audio=0/0 (bit/s)
[0:00:05] audio=0/0 (bit/s)
[0:00:05] audio=0/0 (bit/s)
[0:00:05] audio=0/0 (bit/s)
[0:00:05] audio=0/0 (bit/s)
[0:00:05] audio=63787/64212 (bit/s)
[0:00:05] audio=63787/64212 (bit/s)
[0:00:05] audio=63787/64212 (bit/s)
[0:00:05] audio=63787/64212 (bit/s)
[0:00:06] audio=63787/64212 (bit/s)
[0:00:06] audio=63787/64212 (bit/s)
[0:00:06] audio=63787/64212 (bit/s)
[0:00:06] audio=63787/64212 (bit/s)
[0:00:06] audio=63787/64212 (bit/s)
[0:00:06] audio=63787/64212 (bit/s)
[0:00:06] audio=63787/64212 (bit/s)
[0:00:06] audio=63787/64212 (bit/s)
[0:00:06] audio=63787/64212 (bit/s)
[0:00:06] audio=63787/64212 (bit/s)
[0:00:07] audio=63787/64212 (bit/s)
[0:00:07] audio=63787/64212 (bit/s)
[0:00:07] audio=63787/64212 (bit/s)
[0:00:07] audio=63787/64212 (bit/s)
[0:00:07] audio=63787/64212 (bit/s)
[0:00:07] audio=63787/64212 (bit/s)
[0:00:07] audio=63787/64212 (bit/s)
[0:00:07] audio=63787/64212 (bit/s)
[0:00:07] audio=63787/64212 (bit/s)
[0:00:07] audio=63787/64212 (bit/s)
[0:00:08] audio=63787/64212 (bit/s)
[0:00:08] audio=63787/64212 (bit/s)
[0:00:08] audio=63787/64212 (bit/s)
[0:00:08] audio=63787/64212 (bit/s)
[0:00:08] audio=63787/64212 (bit/s)
[0:00:08] audio=64426/64000 (bit/s)
[0:00:08] audio=64426/64000 (bit/s)
[0:00:08] audio=64426/64000 (bit/s)
[0:00:08] audio=64426/64000 (bit/s)
[0:00:09] audio=64426/64000 (bit/s)
[0:00:09] audio=64426/64000 (bit/s)
[0:00:09] audio=64426/64000 (bit/s)
[0:00:09] audio=64426/64000 (bit/s)
[0:00:09] audio=64426/64000 (bit/s)
[0:00:09] audio=64426/64000 (bit/s)
[0:00:09] audio=64426/64000 (bit/s)
[0:00:09] audio=64426/64000 (bit/s)
[0:00:09] audio=64426/64000 (bit/s)
[0:00:09] audio=64426/64000 (bit/s)
[0:00:10] audio=64426/64000 (bit/s)
[0:00:10] audio=64426/64000 (bit/s)
[0:00:10] audio=64426/64000 (bit/s)
[0:00:10] audio=64426/64000 (bit/s)
[0:00:10] audio=64426/64000 (bit/s)
[0:00:10] audio=64426/64000 (bit/s)
[0:00:10] audio=64426/64000 (bit/s)
[0:00:10] audio=64426/64000 (bit/s)
[0:00:10] audio=64426/64000 (bit/s)
[0:00:10] audio=64426/64000 (bit/s)
[0:00:11] audio=64426/64000 (bit/s)
[0:00:11] audio=64426/64000 (bit/s)
[0:00:11] audio=64426/64000 (bit/s)
[0:00:11] audio=64426/64000 (bit/s)
[0:00:11] audio=64426/64000 (bit/s)
[0:00:11] audio=63573/64000 (bit/s)
[0:00:11] audio=63573/64000 (bit/s)
[0:00:11] audio=63573/64000 (bit/s)
[0:00:11] audio=63573/64000 (bit/s)
[0:00:11] audio=63573/64000 (bit/s)
[0:00:12] audio=63573/64000 (bit/s)
[0:00:12] audio=63573/64000 (bit/s)
[0:00:12] audio=63573/64000 (bit/s)
[0:00:12] audio=63573/64000 (bit/s)
[0:00:12] audio=63573/64000 (bit/s)
[0:00:12] audio=63573/64000 (bit/s)
[0:00:12] audio=63573/64000 (bit/s)
[0:00:12] audio=63573/64000 (bit/s)
[0:00:12] audio=63573/64000 (bit/s)
[0:00:12] audio=63573/64000 (bit/s)
[0:00:13] audio=63573/64000 (bit/s)
[0:00:13] audio=63573/64000 (bit/s)
[0:00:13] audio=63573/64000 (bit/s)
[0:00:13] audio=63573/64000 (bit/s)
[0:00:13] audio=63573/64000 (bit/s)
call: terminate call 'c176dcedc0cb4876' with sip:4267@192.168.6.120:5060
[36;1m14:59:49.539#
UDP 140.124.42.67:64882 -> 192.168.6.120:5060
BYE sip:101@192.168.6.120:5060 SIP/2.0
Via: SIP/2.0/UDP 140.124.42.67:64882;branch=z9hG4bK829466b689e76d26;rport
Max-Forwards: 70
To: <sip:4267@192.168.6.120:5060>;tag=24aa50bd
From: <sip:101@140.124.42.67>;tag=92b472b19e319ff9
Call-ID: c176dcedc0cb4876
CSeq: 18909 BYE
User-Agent: baresip v4.9.0 (AMD64/Windows)
Content-Length: 0
[;m
sip:101@140.124.42.67: Call with sip:4267@192.168.6.120:5060 terminated (duration: 13 secs)
audio           Transmit:     Receive:
packets:            668          674
avg. bitrate:      63.7         63.8  (kbit/s)
errors:               0            0
[36;1m14:59:49.584#
UDP 192.168.6.120:5060 -> 140.124.42.67:64882
SIP/2.0 200 OK
Via: SIP/2.0/UDP 140.124.42.67:64882;rport=64882;received=192.168.6.1;branch=z9hG4bK829466b689e76d26
From: <sip:101@140.124.42.67>;tag=92b472b19e319ff9
To: <sip:4267@192.168.6.120:5060>;tag=24aa50bd
Call-ID: c176dcedc0cb4876
CSeq: 18909 BYE
Content-Length: 0
[;m
tcp: recv handler: recv(): Unknown error [10053]

--- Baresip run 2026-07-08T15:00:39 ---
baresip v4.9.0 Copyright (C) 2010 - 2025 Alfred E. Heggestad et al.
Local network addresses:
 {E9883888-1437-4B71-ACCC-A557E6C989F3}:  fe80::a24e:6067:1df:b7d0
 {E9883888-1437-4B71-ACCC-A557E6C989F3}:  140.124.42.67
aucodec: PCMU/8000/1
aucodec: PCMA/8000/1
aufilt: auconv
aufilt: auresamp
ausrc: aufile
auplay: aufile
ausrc: ausine
ausrc: wasapi
auplay: wasapi
wasapi/device/play: CABLE Input (VB-Audio Virtual Cable) ({0.0.0.00000000}.{3c33c8a2-01f5-44a5-bbcb-085984901f36})
wasapi/device/play: 喇叭 (Realtek(R) Audio) ({0.0.0.00000000}.{a3e110fd-256d-4bbb-ae02-9a851e92111b})
wasapi/device/play: CABLE In 16ch (VB-Audio Virtual Cable) ({0.0.0.00000000}.{f3ce26bd-d2fd-4777-a9bd-ab740c68e878})
wasapi/device/src: CABLE Output (VB-Audio Virtual Cable) ({0.0.1.00000000}.{aaf7e322-e320-469a-a9b4-a9525e7f8c66})
wasapi/device/src: 立體聲混音 (Realtek(R) Audio) ({0.0.1.00000000}.{d12b79ae-68dc-47c0-86a8-e8714c349967})
wasapi: output devices: 3, input devices: 2
Populated 1 account
Populated 2 audio codecs
Populated 2 audio filters
Populated 0 video codecs
Populated 0 video filters
baresip is ready.
101@140.124.42.67: selected for request
call: connecting to 'sip:4267@192.168.6.120:5060'..
[36;1m15:00:40.757#
UDP 140.124.42.67:64882 -> 192.168.6.120:5060
INVITE sip:4267@192.168.6.120:5060 SIP/2.0
Via: SIP/2.0/UDP 140.124.42.67:64882;branch=z9hG4bK4d265953e5868791;rport
Contact: <sip:101@140.124.42.67:64882>
Max-Forwards: 70
To: <sip:4267@192.168.6.120:5060>
From: <sip:101@140.124.42.67>;tag=a46c4a15675aaa61
Call-ID: 7540bbc4ce074e1e
CSeq: 62076 INVITE
User-Agent: baresip v4.9.0 (AMD64/Windows)
Allow: INVITE,ACK,BYE,CANCEL,OPTIONS,NOTIFY,INFO,MESSAGE,UPDATE,REFER
Supported: gruu,replaces,norefersub
Content-Type: application/sdp
Content-Length: 273
v=0
o=- 1889878853 266513724 IN IP4 140.124.42.67
s=-
c=IN IP4 140.124.42.67
t=0 0
m=audio 4004 RTP/AVP 8 0 101
a=rtpmap:8 PCMA/8000
a=rtpmap:0 PCMU/8000
a=rtpmap:101 telephone-event/8000
a=fmtp:101 0-15
a=sendrecv
a=ssrc:2025569897 cname:sip:101@140.124.42.67
[;m
tcp: send: write(): Unknown error [10053] (fdc=964)
[31mctrl_tcp: failed to send the response (Unknown error [10053])
[;mtcp: recv handler: recv(): Unknown error [10053]
[36;1m15:00:40.805#
UDP 192.168.6.120:5060 -> 140.124.42.67:64882
SIP/2.0 100 Trying
Via: SIP/2.0/UDP 140.124.42.67:64882;rport=64882;received=192.168.6.1;branch=z9hG4bK4d265953e5868791
From: <sip:101@140.124.42.67>;tag=a46c4a15675aaa61
To: <sip:4267@192.168.6.120:5060>
Call-ID: 7540bbc4ce074e1e
CSeq: 62076 INVITE
Content-Length: 0
[;m
[36;1m15:00:40.877#
UDP 192.168.6.120:5060 -> 140.124.42.67:64882
SIP/2.0 180 Ringing
Via: SIP/2.0/UDP 140.124.42.67:64882;rport=64882;received=192.168.6.1;branch=z9hG4bK4d265953e5868791
From: <sip:101@140.124.42.67>;tag=a46c4a15675aaa61
To: <sip:4267@192.168.6.120:5060>;tag=2dc7ca56
Call-ID: 7540bbc4ce074e1e
Contact: <sip:101@192.168.6.120:5060>
CSeq: 62076 INVITE
Content-Length: 0
[;m
call: SIP Progress: 180 Ringing (/)
aufile: writing speaker audio to nil
[36;1m15:00:41.227#
UDP 192.168.6.120:5060 -> 140.124.42.67:64882
SIP/2.0 200 OK
Via: SIP/2.0/UDP 140.124.42.67:64882;rport=64882;received=192.168.6.1;branch=z9hG4bK4d265953e5868791
From: <sip:101@140.124.42.67>;tag=a46c4a15675aaa61
To: <sip:4267@192.168.6.120:5060>;tag=2dc7ca56
Call-ID: 7540bbc4ce074e1e
Contact: <sip:101@192.168.6.120:5060>
CSeq: 62076 INVITE
Allow: INVITE,CANCEL,ACK,BYE,NOTIFY,REFER,OPTIONS,INFO,MESSAGE,UPDATE
Supported: replaces,timer
Content-Type: application/sdp
User-Agent: IPSPK-v1.306
Content-Length: 182
v=0
o=CMI-SIPUA 4513 0 IN IP4 192.168.6.120
s=SIP CALL
c=IN IP4 192.168.6.120
t=0 0
m=audio 20000 RTP/AVP 8 101
a=rtpmap:101 telephone-event/8000
a=fmtp:101 0-15
a=sendrecv
[;m
101@140.124.42.67: Call answered: sip:4267@192.168.6.120:5060
stream: update 'audio'
audio_recv: Set audio decoder: PCMA 8000Hz 1ch
aufile: writing speaker audio to nil
audio_recv: player started with sample format S16LE
audio: Set audio encoder: PCMA 8000Hz 1ch
audio: source started with sample format S16LE
audio tx pipeline:      wasapi ---> aubuf ---> auconv ---> auresamp ---> PCMA
audio rx pipeline:      aufile <--- aubuf <--- auconv <--- auresamp <--- PCMA
[36;1m15:00:41.244#
UDP 140.124.42.67:64882 -> 192.168.6.120:5060
ACK sip:101@192.168.6.120:5060 SIP/2.0
Via: SIP/2.0/UDP 140.124.42.67:64882;branch=z9hG4bK7e297bba97e79b51;rport
Max-Forwards: 70
To: <sip:4267@192.168.6.120:5060>;tag=2dc7ca56
From: <sip:101@140.124.42.67>;tag=a46c4a15675aaa61
Call-ID: 7540bbc4ce074e1e
CSeq: 62076 ACK
User-Agent: baresip v4.9.0 (AMD64/Windows)
Content-Length: 0
[;m
101@140.124.42.67: Call established: sip:4267@192.168.6.120:5060
[0:00:00] audio=0/0 (bit/s)
[0:00:00] audio=0/0 (bit/s)
[0:00:00] audio=0/0 (bit/s)
[0:00:00] audio=0/0 (bit/s)
[0:00:00] audio=0/0 (bit/s)
[0:00:00] audio=0/0 (bit/s)
[0:00:00] audio=0/0 (bit/s)
[0:00:01] audio=0/0 (bit/s)
[0:00:01] audio=0/0 (bit/s)
[0:00:01] audio=0/0 (bit/s)
[0:00:01] audio=0/0 (bit/s)
[0:00:01] audio=0/0 (bit/s)
[0:00:01] audio=0/0 (bit/s)
[0:00:01] audio=0/0 (bit/s)
[0:00:01] audio=0/0 (bit/s)
[0:00:01] audio=0/0 (bit/s)
[0:00:01] audio=0/0 (bit/s)
[0:00:02] audio=0/0 (bit/s)
[0:00:02] audio=0/0 (bit/s)
[0:00:02] audio=0/0 (bit/s)
[0:00:02] audio=0/0 (bit/s)
[0:00:02] audio=0/0 (bit/s)
[0:00:02] audio=0/0 (bit/s)
[0:00:02] audio=0/0 (bit/s)
[0:00:02] audio=0/0 (bit/s)
[0:00:02] audio=0/0 (bit/s)
[0:00:02] audio=0/0 (bit/s)
[0:00:03] audio=0/0 (bit/s)
[0:00:03] audio=0/0 (bit/s)
[0:00:03] audio=0/0 (bit/s)
[0:00:03] audio=0/0 (bit/s)
[0:00:03] audio=0/0 (bit/s)
[0:00:03] audio=0/0 (bit/s)
[0:00:03] audio=0/0 (bit/s)
[0:00:03] audio=0/0 (bit/s)
[0:00:03] audio=0/0 (bit/s)
[0:00:03] audio=0/0 (bit/s)
[0:00:04] audio=0/0 (bit/s)
[0:00:04] audio=0/0 (bit/s)
[0:00:04] audio=0/0 (bit/s)
[0:00:04] audio=0/0 (bit/s)
[0:00:04] audio=0/0 (bit/s)
[0:00:04] audio=0/0 (bit/s)
[0:00:04] audio=0/0 (bit/s)
[0:00:04] audio=0/0 (bit/s)
[0:00:04] audio=0/0 (bit/s)
[0:00:04] audio=0/0 (bit/s)
[0:00:05] audio=0/0 (bit/s)
[0:00:05] audio=0/0 (bit/s)
[0:00:05] audio=0/0 (bit/s)
[0:00:05] audio=0/0 (bit/s)
[0:00:05] audio=0/0 (bit/s)
[0:00:05] audio=0/0 (bit/s)
[0:00:05] audio=0/0 (bit/s)
[0:00:05] audio=0/0 (bit/s)
[0:00:05] audio=64383/64383 (bit/s)
[0:00:05] audio=64383/64383 (bit/s)
[0:00:06] audio=64383/64383 (bit/s)
[0:00:06] audio=64383/64383 (bit/s)
[0:00:06] audio=64383/64383 (bit/s)
[0:00:06] audio=64383/64383 (bit/s)
[0:00:06] audio=64383/64383 (bit/s)
[0:00:06] audio=64383/64383 (bit/s)
[0:00:06] audio=64383/64383 (bit/s)
[0:00:06] audio=64383/64383 (bit/s)
[0:00:06] audio=64383/64383 (bit/s)
[0:00:07] audio=64383/64383 (bit/s)
[0:00:07] audio=64383/64383 (bit/s)
[0:00:07] audio=64383/64383 (bit/s)
[0:00:07] audio=64383/64383 (bit/s)
[0:00:07] audio=64383/64383 (bit/s)
[0:00:07] audio=64383/64383 (bit/s)
[0:00:07] audio=64383/64383 (bit/s)
[0:00:07] audio=64383/64383 (bit/s)
[0:00:07] audio=64383/64383 (bit/s)
[0:00:07] audio=64383/64383 (bit/s)
[0:00:08] audio=64383/64383 (bit/s)
[0:00:08] audio=64383/64383 (bit/s)
[0:00:08] audio=64383/64383 (bit/s)
[0:00:08] audio=64383/64383 (bit/s)
[0:00:08] audio=64383/64383 (bit/s)
[0:00:08] audio=64383/64383 (bit/s)
[0:00:08] audio=64383/64383 (bit/s)
[0:00:08] audio=64383/64383 (bit/s)
[0:00:08] audio=64383/64383 (bit/s)
[0:00:08] audio=64000/64000 (bit/s)
[0:00:09] audio=64000/64000 (bit/s)
[0:00:09] audio=64000/64000 (bit/s)
[0:00:09] audio=64000/64000 (bit/s)
[0:00:09] audio=64000/64000 (bit/s)
[0:00:09] audio=64000/64000 (bit/s)
[0:00:09] audio=64000/64000 (bit/s)
[0:00:09] audio=64000/64000 (bit/s)
[0:00:09] audio=64000/64000 (bit/s)
[0:00:09] audio=64000/64000 (bit/s)
[0:00:09] audio=64000/64000 (bit/s)
[0:00:10] audio=64000/64000 (bit/s)
[0:00:10] audio=64000/64000 (bit/s)
[0:00:10] audio=64000/64000 (bit/s)
[0:00:10] audio=64000/64000 (bit/s)
[0:00:10] audio=64000/64000 (bit/s)
[0:00:10] audio=64000/64000 (bit/s)
[0:00:10] audio=64000/64000 (bit/s)
[0:00:10] audio=64000/64000 (bit/s)
[0:00:10] audio=64000/64000 (bit/s)
[0:00:10] audio=64000/64000 (bit/s)
[0:00:11] audio=64000/64000 (bit/s)
[0:00:11] audio=64000/64000 (bit/s)
[0:00:11] audio=64000/64000 (bit/s)
[0:00:11] audio=64000/64000 (bit/s)
[0:00:11] audio=64000/64000 (bit/s)
[0:00:11] audio=64000/64000 (bit/s)
[0:00:11] audio=64000/64000 (bit/s)
[0:00:11] audio=64000/64000 (bit/s)
[0:00:11] audio=64000/64000 (bit/s)
[0:00:11] audio=63573/64000 (bit/s)
[0:00:12] audio=63573/64000 (bit/s)
[0:00:12] audio=63573/64000 (bit/s)
[0:00:12] audio=63573/64000 (bit/s)
[0:00:12] audio=63573/64000 (bit/s)
[0:00:12] audio=63573/64000 (bit/s)
[0:00:12] audio=63573/64000 (bit/s)
[0:00:12] audio=63573/64000 (bit/s)
[0:00:12] audio=63573/64000 (bit/s)
[0:00:12] audio=63573/64000 (bit/s)
[0:00:12] audio=63573/64000 (bit/s)
[0:00:13] audio=63573/64000 (bit/s)
[0:00:13] audio=63573/64000 (bit/s)
[0:00:13] audio=63573/64000 (bit/s)
[0:00:13] audio=63573/64000 (bit/s)
[0:00:13] audio=63573/64000 (bit/s)
[0:00:13] audio=63573/64000 (bit/s)
[0:00:13] audio=63573/64000 (bit/s)
[0:00:13] audio=63573/64000 (bit/s)
[0:00:13] audio=63573/64000 (bit/s)
call: terminate call '7540bbc4ce074e1e' with sip:4267@192.168.6.120:5060
[36;1m15:00:54.891#
UDP 140.124.42.67:64882 -> 192.168.6.120:5060
BYE sip:101@192.168.6.120:5060 SIP/2.0
Via: SIP/2.0/UDP 140.124.42.67:64882;branch=z9hG4bK7d8230b47a378e2b;rport
Max-Forwards: 70
To: <sip:4267@192.168.6.120:5060>;tag=2dc7ca56
From: <sip:101@140.124.42.67>;tag=a46c4a15675aaa61
Call-ID: 7540bbc4ce074e1e
CSeq: 62077 BYE
User-Agent: baresip v4.9.0 (AMD64/Windows)
Content-Length: 0
[;m
sip:101@140.124.42.67: Call with sip:4267@192.168.6.120:5060 terminated (duration: 13 secs)
audio           Transmit:     Receive:
packets:            678          682
avg. bitrate:      63.6         63.8  (kbit/s)
errors:               0            0
tcp: recv handler: recv(): Unknown error [10054]
[36;1m15:00:54.932#
UDP 192.168.6.120:5060 -> 140.124.42.67:64882
SIP/2.0 200 OK
Via: SIP/2.0/UDP 140.124.42.67:64882;rport=64882;received=192.168.6.1;branch=z9hG4bK7d8230b47a378e2b
From: <sip:101@140.124.42.67>;tag=a46c4a15675aaa61
To: <sip:4267@192.168.6.120:5060>;tag=2dc7ca56
Call-ID: 7540bbc4ce074e1e
CSeq: 62077 BYE
Content-Length: 0
[;m

--- Baresip run 2026-07-08T15:01:28 ---
baresip v4.9.0 Copyright (C) 2010 - 2025 Alfred E. Heggestad et al.
Local network addresses:
 {E9883888-1437-4B71-ACCC-A557E6C989F3}:  fe80::a24e:6067:1df:b7d0
 {E9883888-1437-4B71-ACCC-A557E6C989F3}:  140.124.42.67
aucodec: PCMU/8000/1
aucodec: PCMA/8000/1
aufilt: auconv
aufilt: auresamp
ausrc: aufile
auplay: aufile
ausrc: ausine
ausrc: wasapi
auplay: wasapi
wasapi/device/play: 耳機 (Realtek(R) Audio) ({0.0.0.00000000}.{2e271a10-dbf4-4057-bc46-9ed5d4e5d8a6})
wasapi/device/play: CABLE Input (VB-Audio Virtual Cable) ({0.0.0.00000000}.{3c33c8a2-01f5-44a5-bbcb-085984901f36})
wasapi/device/play: 喇叭 (Realtek(R) Audio) ({0.0.0.00000000}.{a3e110fd-256d-4bbb-ae02-9a851e92111b})
wasapi/device/play: CABLE In 16ch (VB-Audio Virtual Cable) ({0.0.0.00000000}.{f3ce26bd-d2fd-4777-a9bd-ab740c68e878})
wasapi/device/src: CABLE Output (VB-Audio Virtual Cable) ({0.0.1.00000000}.{aaf7e322-e320-469a-a9b4-a9525e7f8c66})
wasapi/device/src: 麥克風 (Realtek(R) Audio) ({0.0.1.00000000}.{c4d3b5b6-8ee3-4b25-9643-faf62db87e04})
wasapi/device/src: 立體聲混音 (Realtek(R) Audio) ({0.0.1.00000000}.{d12b79ae-68dc-47c0-86a8-e8714c349967})
wasapi: output devices: 4, input devices: 3
Populated 1 account
Populated 2 audio codecs
Populated 2 audio filters
Populated 0 video codecs
Populated 0 video filters
baresip is ready.
101@140.124.42.67: selected for request
call: connecting to 'sip:4267@192.168.6.120:5060'..
[36;1m15:01:29.296#
UDP 140.124.42.67:64882 -> 192.168.6.120:5060
INVITE sip:4267@192.168.6.120:5060 SIP/2.0
Via: SIP/2.0/UDP 140.124.42.67:64882;branch=z9hG4bK1bbe5e911b862c28;rport
Contact: <sip:101@140.124.42.67:64882>
Max-Forwards: 70
To: <sip:4267@192.168.6.120:5060>
From: <sip:101@140.124.42.67>;tag=7f1098cf1c686dac
Call-ID: a8fbf13f07eb2a7f
CSeq: 17795 INVITE
User-Agent: baresip v4.9.0 (AMD64/Windows)
Allow: INVITE,ACK,BYE,CANCEL,OPTIONS,NOTIFY,INFO,MESSAGE,UPDATE,REFER
Supported: gruu,replaces,norefersub
Content-Type: application/sdp
Content-Length: 273
v=0
o=- 4008801188 1289121326 IN IP4 140.124.42.67
s=-
c=IN IP4 140.124.42.67
t=0 0
m=audio 4004 RTP/AVP 8 0 101
a=rtpmap:8 PCMA/8000
a=rtpmap:0 PCMU/8000
a=rtpmap:101 telephone-event/8000
a=fmtp:101 0-15
a=sendrecv
a=ssrc:570231717 cname:sip:101@140.124.42.67
[;m
tcp: send: write(): Unknown error [10053] (fdc=988)
[31mctrl_tcp: failed to send the response (Unknown error [10053])
[;mtcp: recv handler: recv(): Unknown error [10053]
[36;1m15:01:29.341#
UDP 192.168.6.120:5060 -> 140.124.42.67:64882
SIP/2.0 100 Trying
Via: SIP/2.0/UDP 140.124.42.67:64882;rport=64882;received=192.168.6.1;branch=z9hG4bK1bbe5e911b862c28
From: <sip:101@140.124.42.67>;tag=7f1098cf1c686dac
To: <sip:4267@192.168.6.120:5060>
Call-ID: a8fbf13f07eb2a7f
CSeq: 17795 INVITE
Content-Length: 0
[;m
[36;1m15:01:29.413#
UDP 192.168.6.120:5060 -> 140.124.42.67:64882
SIP/2.0 180 Ringing
Via: SIP/2.0/UDP 140.124.42.67:64882;rport=64882;received=192.168.6.1;branch=z9hG4bK1bbe5e911b862c28
From: <sip:101@140.124.42.67>;tag=7f1098cf1c686dac
To: <sip:4267@192.168.6.120:5060>;tag=7459ee48
Call-ID: a8fbf13f07eb2a7f
Contact: <sip:101@192.168.6.120:5060>
CSeq: 17795 INVITE
Content-Length: 0
[;m
call: SIP Progress: 180 Ringing (/)
aufile: writing speaker audio to nil
[36;1m15:01:29.952#
UDP 192.168.6.120:5060 -> 140.124.42.67:64882
SIP/2.0 200 OK
Via: SIP/2.0/UDP 140.124.42.67:64882;rport=64882;received=192.168.6.1;branch=z9hG4bK1bbe5e911b862c28
From: <sip:101@140.124.42.67>;tag=7f1098cf1c686dac
To: <sip:4267@192.168.6.120:5060>;tag=7459ee48
Call-ID: a8fbf13f07eb2a7f
Contact: <sip:101@192.168.6.120:5060>
CSeq: 17795 INVITE
Allow: INVITE,CANCEL,ACK,BYE,NOTIFY,REFER,OPTIONS,INFO,MESSAGE,UPDATE
Supported: replaces,timer
Content-Type: application/sdp
User-Agent: IPSPK-v1.306
Content-Length: 182
v=0
o=CMI-SIPUA 2126 0 IN IP4 192.168.6.120
s=SIP CALL
c=IN IP4 192.168.6.120
t=0 0
m=audio 20000 RTP/AVP 8 101
a=rtpmap:101 telephone-event/8000
a=fmtp:101 0-15
a=sendrecv
[;m
101@140.124.42.67: Call answered: sip:4267@192.168.6.120:5060
stream: update 'audio'
audio_recv: Set audio decoder: PCMA 8000Hz 1ch
aufile: writing speaker audio to nil
audio_recv: player started with sample format S16LE
audio: Set audio encoder: PCMA 8000Hz 1ch
audio: source started with sample format S16LE
audio tx pipeline:      wasapi ---> aubuf ---> auconv ---> auresamp ---> PCMA
audio rx pipeline:      aufile <--- aubuf <--- auconv <--- auresamp <--- PCMA
[36;1m15:01:29.992#
UDP 140.124.42.67:64882 -> 192.168.6.120:5060
ACK sip:101@192.168.6.120:5060 SIP/2.0
Via: SIP/2.0/UDP 140.124.42.67:64882;branch=z9hG4bKcc94aa98eb2716df;rport
Max-Forwards: 70
To: <sip:4267@192.168.6.120:5060>;tag=7459ee48
From: <sip:101@140.124.42.67>;tag=7f1098cf1c686dac
Call-ID: a8fbf13f07eb2a7f
CSeq: 17795 ACK
User-Agent: baresip v4.9.0 (AMD64/Windows)
Content-Length: 0
[;m
101@140.124.42.67: Call established: sip:4267@192.168.6.120:5060
[0:00:01] audio=0/0 (bit/s)
[0:00:01] audio=0/0 (bit/s)
[0:00:01] audio=0/0 (bit/s)
[0:00:01] audio=0/0 (bit/s)
[0:00:01] audio=0/0 (bit/s)
[0:00:01] audio=0/0 (bit/s)
[0:00:01] audio=0/0 (bit/s)
[0:00:01] audio=0/0 (bit/s)
[0:00:01] audio=0/0 (bit/s)
[0:00:02] audio=0/0 (bit/s)
[0:00:02] audio=0/0 (bit/s)
[0:00:02] audio=0/0 (bit/s)
[0:00:02] audio=0/0 (bit/s)
[0:00:02] audio=0/0 (bit/s)
[0:00:02] audio=0/0 (bit/s)
[0:00:02] audio=0/0 (bit/s)
[0:00:02] audio=0/0 (bit/s)
[0:00:02] audio=0/0 (bit/s)
[0:00:02] audio=0/0 (bit/s)
[0:00:03] audio=0/0 (bit/s)
[0:00:03] audio=0/0 (bit/s)
[0:00:03] audio=0/0 (bit/s)
[0:00:03] audio=0/0 (bit/s)
[0:00:03] audio=0/0 (bit/s)
[0:00:03] audio=0/0 (bit/s)
[0:00:03] audio=0/0 (bit/s)
[0:00:03] audio=0/0 (bit/s)
[0:00:03] audio=0/0 (bit/s)
[0:00:03] audio=0/0 (bit/s)
[0:00:04] audio=0/0 (bit/s)
[0:00:04] audio=0/0 (bit/s)
[0:00:04] audio=0/0 (bit/s)
[0:00:04] audio=0/0 (bit/s)
[0:00:04] audio=0/0 (bit/s)
[0:00:04] audio=0/0 (bit/s)
[0:00:04] audio=0/0 (bit/s)
[0:00:04] audio=0/0 (bit/s)
[0:00:04] audio=0/0 (bit/s)
[0:00:04] audio=0/0 (bit/s)
[0:00:05] audio=0/0 (bit/s)
[0:00:05] audio=0/0 (bit/s)
[0:00:05] audio=0/0 (bit/s)
[0:00:05] audio=0/0 (bit/s)
[0:00:05] audio=0/0 (bit/s)
[0:00:05] audio=0/0 (bit/s)
[0:00:05] audio=0/0 (bit/s)
[0:00:05] audio=0/0 (bit/s)
[0:00:05] audio=0/0 (bit/s)
[0:00:05] audio=0/0 (bit/s)
[0:00:06] audio=0/0 (bit/s)
[0:00:06] audio=0/0 (bit/s)
[0:00:06] audio=0/0 (bit/s)
[0:00:06] audio=0/0 (bit/s)
[0:00:06] audio=64233/64233 (bit/s)
[0:00:06] audio=64233/64233 (bit/s)
[0:00:06] audio=64233/64233 (bit/s)
[0:00:06] audio=64233/64233 (bit/s)
[0:00:06] audio=64233/64233 (bit/s)
[0:00:06] audio=64233/64233 (bit/s)
[0:00:07] audio=64233/64233 (bit/s)
[0:00:07] audio=64233/64233 (bit/s)
[0:00:07] audio=64233/64233 (bit/s)
[0:00:07] audio=64233/64233 (bit/s)
[0:00:07] audio=64233/64233 (bit/s)
[0:00:07] audio=64233/64233 (bit/s)
[0:00:07] audio=64233/64233 (bit/s)
[0:00:07] audio=64233/64233 (bit/s)
[0:00:07] audio=64233/64233 (bit/s)
[0:00:07] audio=64233/64233 (bit/s)
[0:00:08] audio=64233/64233 (bit/s)
[0:00:08] audio=64233/64233 (bit/s)
[0:00:08] audio=64233/64233 (bit/s)
[0:00:08] audio=64233/64233 (bit/s)
[0:00:08] audio=64233/64233 (bit/s)
[0:00:08] audio=64233/64233 (bit/s)
[0:00:08] audio=64233/64233 (bit/s)
[0:00:08] audio=64233/64233 (bit/s)
[0:00:08] audio=64233/64233 (bit/s)
[0:00:08] audio=64233/64233 (bit/s)
[0:00:09] audio=64233/64233 (bit/s)
[0:00:09] audio=64233/64233 (bit/s)
[0:00:09] audio=64233/64233 (bit/s)
[0:00:09] audio=64233/64233 (bit/s)
[0:00:09] audio=64000/64000 (bit/s)
[0:00:09] audio=64000/64000 (bit/s)
[0:00:09] audio=64000/64000 (bit/s)
[0:00:09] audio=64000/64000 (bit/s)
[0:00:09] audio=64000/64000 (bit/s)
[0:00:09] audio=64000/64000 (bit/s)
[0:00:10] audio=64000/64000 (bit/s)
[0:00:10] audio=64000/64000 (bit/s)
[0:00:10] audio=64000/64000 (bit/s)
[0:00:10] audio=64000/64000 (bit/s)
[0:00:10] audio=64000/64000 (bit/s)
[0:00:10] audio=64000/64000 (bit/s)
[0:00:10] audio=64000/64000 (bit/s)
[0:00:10] audio=64000/64000 (bit/s)
[0:00:10] audio=64000/64000 (bit/s)
[0:00:10] audio=64000/64000 (bit/s)
[0:00:11] audio=64000/64000 (bit/s)
[0:00:11] audio=64000/64000 (bit/s)
[0:00:11] audio=64000/64000 (bit/s)
[0:00:11] audio=64000/64000 (bit/s)
[0:00:11] audio=64000/64000 (bit/s)
[0:00:11] audio=64000/64000 (bit/s)
[0:00:11] audio=64000/64000 (bit/s)
[0:00:11] audio=64000/64000 (bit/s)
[0:00:11] audio=64000/64000 (bit/s)
[0:00:11] audio=64000/64000 (bit/s)
[0:00:12] audio=64000/64000 (bit/s)
[0:00:12] audio=64000/64000 (bit/s)
[0:00:12] audio=64000/64000 (bit/s)
[0:00:12] audio=64000/64000 (bit/s)
[0:00:12] audio=64000/64000 (bit/s)
[0:00:12] audio=64000/64000 (bit/s)
[0:00:12] audio=64000/64000 (bit/s)
[0:00:12] audio=64000/64000 (bit/s)
[0:00:12] audio=64000/64000 (bit/s)
[0:00:12] audio=64000/64000 (bit/s)
[0:00:13] audio=64000/64000 (bit/s)
[0:00:13] audio=64000/64000 (bit/s)
[0:00:13] audio=64000/64000 (bit/s)
[0:00:13] audio=64000/64000 (bit/s)
[0:00:13] audio=64000/64000 (bit/s)
[0:00:13] audio=64000/64000 (bit/s)
[0:00:13] audio=64000/64000 (bit/s)
[0:00:13] audio=64000/64000 (bit/s)
[0:00:13] audio=64000/64000 (bit/s)
[0:00:13] audio=64000/64000 (bit/s)
[0:00:14] audio=64000/64000 (bit/s)
[0:00:14] audio=64000/64000 (bit/s)
[0:00:14] audio=64000/64000 (bit/s)
[0:00:14] audio=64000/64000 (bit/s)
[0:00:14] audio=64000/64000 (bit/s)
call: terminate call 'a8fbf13f07eb2a7f' with sip:4267@192.168.6.120:5060
[36;1m15:01:43.455#
UDP 140.124.42.67:64882 -> 192.168.6.120:5060
BYE sip:101@192.168.6.120:5060 SIP/2.0
Via: SIP/2.0/UDP 140.124.42.67:64882;branch=z9hG4bKc0bf226448dfd4e3;rport
Max-Forwards: 70
To: <sip:4267@192.168.6.120:5060>;tag=7459ee48
From: <sip:101@140.124.42.67>;tag=7f1098cf1c686dac
Call-ID: a8fbf13f07eb2a7f
CSeq: 17796 BYE
User-Agent: baresip v4.9.0 (AMD64/Windows)
Content-Length: 0
[;m
sip:101@140.124.42.67: Call with sip:4267@192.168.6.120:5060 terminated (duration: 14 secs)
audio           Transmit:     Receive:
packets:            670          674
avg. bitrate:      63.7         63.9  (kbit/s)
errors:               0            0
tcp: recv handler: recv(): Unknown error [10053]
[36;1m15:01:43.503#
UDP 192.168.6.120:5060 -> 140.124.42.67:64882
SIP/2.0 200 OK
Via: SIP/2.0/UDP 140.124.42.67:64882;rport=64882;received=192.168.6.1;branch=z9hG4bKc0bf226448dfd4e3
From: <sip:101@140.124.42.67>;tag=7f1098cf1c686dac
To: <sip:4267@192.168.6.120:5060>;tag=7459ee48
Call-ID: a8fbf13f07eb2a7f
CSeq: 17796 BYE
Content-Length: 0
[;m

--- Baresip run 2026-07-08T15:02:12 ---
baresip v4.9.0 Copyright (C) 2010 - 2025 Alfred E. Heggestad et al.
Local network addresses:
 {E9883888-1437-4B71-ACCC-A557E6C989F3}:  fe80::a24e:6067:1df:b7d0
 {E9883888-1437-4B71-ACCC-A557E6C989F3}:  140.124.42.67
aucodec: PCMU/8000/1
aucodec: PCMA/8000/1
aufilt: auconv
aufilt: auresamp
ausrc: aufile
auplay: aufile
ausrc: ausine
ausrc: wasapi
auplay: wasapi
wasapi/device/play: 耳機 (Realtek(R) Audio) ({0.0.0.00000000}.{2e271a10-dbf4-4057-bc46-9ed5d4e5d8a6})
wasapi/device/play: CABLE Input (VB-Audio Virtual Cable) ({0.0.0.00000000}.{3c33c8a2-01f5-44a5-bbcb-085984901f36})
wasapi/device/play: 喇叭 (Realtek(R) Audio) ({0.0.0.00000000}.{a3e110fd-256d-4bbb-ae02-9a851e92111b})
wasapi/device/play: CABLE In 16ch (VB-Audio Virtual Cable) ({0.0.0.00000000}.{f3ce26bd-d2fd-4777-a9bd-ab740c68e878})
wasapi/device/src: CABLE Output (VB-Audio Virtual Cable) ({0.0.1.00000000}.{aaf7e322-e320-469a-a9b4-a9525e7f8c66})
wasapi/device/src: 麥克風 (Realtek(R) Audio) ({0.0.1.00000000}.{c4d3b5b6-8ee3-4b25-9643-faf62db87e04})
wasapi/device/src: 立體聲混音 (Realtek(R) Audio) ({0.0.1.00000000}.{d12b79ae-68dc-47c0-86a8-e8714c349967})
wasapi: output devices: 4, input devices: 3
Populated 1 account
Populated 2 audio codecs
Populated 2 audio filters
Populated 0 video codecs
Populated 0 video filters
baresip is ready.
101@140.124.42.67: selected for request
call: connecting to 'sip:4267@192.168.6.120:5060'..
[36;1m15:02:13.098#
UDP 140.124.42.67:64882 -> 192.168.6.120:5060
INVITE sip:4267@192.168.6.120:5060 SIP/2.0
Via: SIP/2.0/UDP 140.124.42.67:64882;branch=z9hG4bK5ac30add3396f235;rport
Contact: <sip:101@140.124.42.67:64882>
Max-Forwards: 70
To: <sip:4267@192.168.6.120:5060>
From: <sip:101@140.124.42.67>;tag=4893ef0fd77ac5f9
Call-ID: bda17f4a31c4ae49
CSeq: 48810 INVITE
User-Agent: baresip v4.9.0 (AMD64/Windows)
Allow: INVITE,ACK,BYE,CANCEL,OPTIONS,NOTIFY,INFO,MESSAGE,UPDATE,REFER
Supported: gruu,replaces,norefersub
Content-Type: application/sdp
Content-Length: 273
v=0
o=- 1804082196 234194725 IN IP4 140.124.42.67
s=-
c=IN IP4 140.124.42.67
t=0 0
m=audio 4004 RTP/AVP 8 0 101
a=rtpmap:8 PCMA/8000
a=rtpmap:0 PCMU/8000
a=rtpmap:101 telephone-event/8000
a=fmtp:101 0-15
a=sendrecv
a=ssrc:3990191862 cname:sip:101@140.124.42.67
[;m
tcp: send: write(): Unknown error [10053] (fdc=980)
[31mctrl_tcp: failed to send the response (Unknown error [10053])
[;mtcp: recv handler: recv(): Unknown error [10053]
[36;1m15:02:13.144#
UDP 192.168.6.120:5060 -> 140.124.42.67:64882
SIP/2.0 100 Trying
Via: SIP/2.0/UDP 140.124.42.67:64882;rport=64882;received=192.168.6.1;branch=z9hG4bK5ac30add3396f235
From: <sip:101@140.124.42.67>;tag=4893ef0fd77ac5f9
To: <sip:4267@192.168.6.120:5060>
Call-ID: bda17f4a31c4ae49
CSeq: 48810 INVITE
Content-Length: 0
[;m
[36;1m15:02:13.216#
UDP 192.168.6.120:5060 -> 140.124.42.67:64882
SIP/2.0 180 Ringing
Via: SIP/2.0/UDP 140.124.42.67:64882;rport=64882;received=192.168.6.1;branch=z9hG4bK5ac30add3396f235
From: <sip:101@140.124.42.67>;tag=4893ef0fd77ac5f9
To: <sip:4267@192.168.6.120:5060>;tag=3fff9182
Call-ID: bda17f4a31c4ae49
Contact: <sip:101@192.168.6.120:5060>
CSeq: 48810 INVITE
Content-Length: 0
[;m
call: SIP Progress: 180 Ringing (/)
aufile: writing speaker audio to nil
[36;1m15:02:13.635#
UDP 192.168.6.120:5060 -> 140.124.42.67:64882
SIP/2.0 200 OK
Via: SIP/2.0/UDP 140.124.42.67:64882;rport=64882;received=192.168.6.1;branch=z9hG4bK5ac30add3396f235
From: <sip:101@140.124.42.67>;tag=4893ef0fd77ac5f9
To: <sip:4267@192.168.6.120:5060>;tag=3fff9182
Call-ID: bda17f4a31c4ae49
Contact: <sip:101@192.168.6.120:5060>
CSeq: 48810 INVITE
Allow: INVITE,CANCEL,ACK,BYE,NOTIFY,REFER,OPTIONS,INFO,MESSAGE,UPDATE
Supported: replaces,timer
Content-Type: application/sdp
User-Agent: IPSPK-v1.306
Content-Length: 183
v=0
o=CMI-SIPUA 39883 0 IN IP4 192.168.6.120
s=SIP CALL
c=IN IP4 192.168.6.120
t=0 0
m=audio 20000 RTP/AVP 8 101
a=rtpmap:101 telephone-event/8000
a=fmtp:101 0-15
a=sendrecv
[;m
101@140.124.42.67: Call answered: sip:4267@192.168.6.120:5060
stream: update 'audio'
audio_recv: Set audio decoder: PCMA 8000Hz 1ch
aufile: writing speaker audio to nil
audio_recv: player started with sample format S16LE
audio: Set audio encoder: PCMA 8000Hz 1ch
audio: source started with sample format S16LE
audio tx pipeline:      wasapi ---> aubuf ---> auconv ---> auresamp ---> PCMA
audio rx pipeline:      aufile <--- aubuf <--- auconv <--- auresamp <--- PCMA
[36;1m15:02:13.661#
UDP 140.124.42.67:64882 -> 192.168.6.120:5060
ACK sip:101@192.168.6.120:5060 SIP/2.0
Via: SIP/2.0/UDP 140.124.42.67:64882;branch=z9hG4bKee7ecd939c18df51;rport
Max-Forwards: 70
To: <sip:4267@192.168.6.120:5060>;tag=3fff9182
From: <sip:101@140.124.42.67>;tag=4893ef0fd77ac5f9
Call-ID: bda17f4a31c4ae49
CSeq: 48810 ACK
User-Agent: baresip v4.9.0 (AMD64/Windows)
Content-Length: 0
[;m
101@140.124.42.67: Call established: sip:4267@192.168.6.120:5060
[0:00:00] audio=0/0 (bit/s)
[0:00:00] audio=0/0 (bit/s)
[0:00:00] audio=0/0 (bit/s)
[0:00:01] audio=0/0 (bit/s)
[0:00:01] audio=0/0 (bit/s)
[0:00:01] audio=0/0 (bit/s)
[0:00:01] audio=0/0 (bit/s)
[0:00:01] audio=0/0 (bit/s)
[0:00:01] audio=0/0 (bit/s)
[0:00:01] audio=0/0 (bit/s)
[0:00:01] audio=0/0 (bit/s)
[0:00:01] audio=0/0 (bit/s)
[0:00:02] audio=0/0 (bit/s)
[0:00:02] audio=0/0 (bit/s)
[0:00:02] audio=0/0 (bit/s)
[0:00:02] audio=0/0 (bit/s)
[0:00:02] audio=0/0 (bit/s)
[0:00:02] audio=0/0 (bit/s)
[0:00:02] audio=0/0 (bit/s)
[0:00:02] audio=0/0 (bit/s)
[0:00:02] audio=0/0 (bit/s)
[0:00:02] audio=0/0 (bit/s)
[0:00:03] audio=0/0 (bit/s)
[0:00:03] audio=0/0 (bit/s)
[0:00:03] audio=0/0 (bit/s)
[0:00:03] audio=0/0 (bit/s)
[0:00:03] audio=0/0 (bit/s)
[0:00:03] audio=0/0 (bit/s)
[0:00:03] audio=0/0 (bit/s)
[0:00:03] audio=0/0 (bit/s)
[0:00:03] audio=0/0 (bit/s)
[0:00:04] audio=0/0 (bit/s)
[0:00:04] audio=0/0 (bit/s)
[0:00:04] audio=0/0 (bit/s)
[0:00:04] audio=0/0 (bit/s)
[0:00:04] audio=0/0 (bit/s)
[0:00:04] audio=0/0 (bit/s)
[0:00:04] audio=0/0 (bit/s)
[0:00:04] audio=0/0 (bit/s)
[0:00:04] audio=0/0 (bit/s)
[0:00:04] audio=0/0 (bit/s)
[0:00:05] audio=0/0 (bit/s)
[0:00:05] audio=0/0 (bit/s)
[0:00:05] audio=0/0 (bit/s)
[0:00:05] audio=0/0 (bit/s)
[0:00:05] audio=0/0 (bit/s)
[0:00:05] audio=0/0 (bit/s)
[0:00:05] audio=0/0 (bit/s)
[0:00:05] audio=0/0 (bit/s)
[0:00:05] audio=0/0 (bit/s)
[0:00:05] audio=0/0 (bit/s)
[0:00:06] audio=0/0 (bit/s)
[0:00:06] audio=0/0 (bit/s)
[0:00:06] audio=63808/63808 (bit/s)
[0:00:06] audio=63808/63808 (bit/s)
[0:00:06] audio=63808/63808 (bit/s)
[0:00:06] audio=63808/63808 (bit/s)
[0:00:06] audio=63808/63808 (bit/s)
[0:00:06] audio=63808/63808 (bit/s)
[0:00:06] audio=63808/63808 (bit/s)
[0:00:06] audio=63808/63808 (bit/s)
[0:00:07] audio=63808/63808 (bit/s)
[0:00:07] audio=63808/63808 (bit/s)
[0:00:07] audio=63808/63808 (bit/s)
[0:00:07] audio=63808/63808 (bit/s)
[0:00:07] audio=63808/63808 (bit/s)
[0:00:07] audio=63808/63808 (bit/s)
[0:00:07] audio=63808/63808 (bit/s)
[0:00:07] audio=63808/63808 (bit/s)
[0:00:07] audio=63808/63808 (bit/s)
[0:00:08] audio=63808/63808 (bit/s)
[0:00:08] audio=63808/63808 (bit/s)
[0:00:08] audio=63808/63808 (bit/s)
[0:00:08] audio=63808/63808 (bit/s)
[0:00:08] audio=63808/63808 (bit/s)
[0:00:08] audio=63808/63808 (bit/s)
[0:00:08] audio=63808/63808 (bit/s)
[0:00:08] audio=63808/63808 (bit/s)
[0:00:08] audio=63808/63808 (bit/s)
[0:00:08] audio=63808/63808 (bit/s)
[0:00:09] audio=63808/63808 (bit/s)
[0:00:09] audio=63808/63808 (bit/s)
[0:00:09] audio=64362/64362 (bit/s)

--- Baresip run 2026-07-08T15:03:04 ---
baresip v4.9.0 Copyright (C) 2010 - 2025 Alfred E. Heggestad et al.
Local network addresses:
 {E9883888-1437-4B71-ACCC-A557E6C989F3}:  fe80::a24e:6067:1df:b7d0
 {E9883888-1437-4B71-ACCC-A557E6C989F3}:  140.124.42.67
aucodec: PCMU/8000/1
aucodec: PCMA/8000/1
aufilt: auconv
aufilt: auresamp
ausrc: aufile
auplay: aufile
ausrc: ausine
ausrc: wasapi
auplay: wasapi
wasapi/device/play: 耳機 (Realtek(R) Audio) ({0.0.0.00000000}.{2e271a10-dbf4-4057-bc46-9ed5d4e5d8a6})
wasapi/device/play: CABLE Input (VB-Audio Virtual Cable) ({0.0.0.00000000}.{3c33c8a2-01f5-44a5-bbcb-085984901f36})
wasapi/device/play: 喇叭 (Realtek(R) Audio) ({0.0.0.00000000}.{a3e110fd-256d-4bbb-ae02-9a851e92111b})
wasapi/device/play: CABLE In 16ch (VB-Audio Virtual Cable) ({0.0.0.00000000}.{f3ce26bd-d2fd-4777-a9bd-ab740c68e878})
wasapi/device/src: CABLE Output (VB-Audio Virtual Cable) ({0.0.1.00000000}.{aaf7e322-e320-469a-a9b4-a9525e7f8c66})
wasapi/device/src: 麥克風 (Realtek(R) Audio) ({0.0.1.00000000}.{c4d3b5b6-8ee3-4b25-9643-faf62db87e04})
wasapi/device/src: 立體聲混音 (Realtek(R) Audio) ({0.0.1.00000000}.{d12b79ae-68dc-47c0-86a8-e8714c349967})
wasapi: output devices: 4, input devices: 3
Populated 1 account
Populated 2 audio codecs
Populated 2 audio filters
Populated 0 video codecs
Populated 0 video filters
baresip is ready.
101@140.124.42.67: selected for request
call: connecting to 'sip:4267@192.168.6.120:5060'..
[36;1m15:03:05.237#
UDP 140.124.42.67:64882 -> 192.168.6.120:5060
INVITE sip:4267@192.168.6.120:5060 SIP/2.0
Via: SIP/2.0/UDP 140.124.42.67:64882;branch=z9hG4bKac6ae7a036a1baf9;rport
Contact: <sip:101@140.124.42.67:64882>
Max-Forwards: 70
To: <sip:4267@192.168.6.120:5060>
From: <sip:101@140.124.42.67>;tag=d5c90a5ff2131b1d
Call-ID: 96ebd675fc184596
CSeq: 32770 INVITE
User-Agent: baresip v4.9.0 (AMD64/Windows)
Allow: INVITE,ACK,BYE,CANCEL,OPTIONS,NOTIFY,INFO,MESSAGE,UPDATE,REFER
Supported: gruu,replaces,norefersub
Content-Type: application/sdp
Content-Length: 274
v=0
o=- 1542104052 2081048407 IN IP4 140.124.42.67
s=-
c=IN IP4 140.124.42.67
t=0 0
m=audio 4004 RTP/AVP 8 0 101
a=rtpmap:8 PCMA/8000
a=rtpmap:0 PCMU/8000
a=rtpmap:101 telephone-event/8000
a=fmtp:101 0-15
a=sendrecv
a=ssrc:1696146985 cname:sip:101@140.124.42.67
[;m
tcp: send: write(): Unknown error [10053] (fdc=872)
[31mctrl_tcp: failed to send the response (Unknown error [10053])
[;mtcp: recv handler: recv(): Unknown error [10053]
[36;1m15:03:05.280#
UDP 192.168.6.120:5060 -> 140.124.42.67:64882
SIP/2.0 100 Trying
Via: SIP/2.0/UDP 140.124.42.67:64882;rport=64882;received=192.168.6.1;branch=z9hG4bKac6ae7a036a1baf9
From: <sip:101@140.124.42.67>;tag=d5c90a5ff2131b1d
To: <sip:4267@192.168.6.120:5060>
Call-ID: 96ebd675fc184596
CSeq: 32770 INVITE
Content-Length: 0
[;m
[36;1m15:03:05.354#
UDP 192.168.6.120:5060 -> 140.124.42.67:64882
SIP/2.0 180 Ringing
Via: SIP/2.0/UDP 140.124.42.67:64882;rport=64882;received=192.168.6.1;branch=z9hG4bKac6ae7a036a1baf9
From: <sip:101@140.124.42.67>;tag=d5c90a5ff2131b1d
To: <sip:4267@192.168.6.120:5060>;tag=7c6c2af8
Call-ID: 96ebd675fc184596
Contact: <sip:101@192.168.6.120:5060>
CSeq: 32770 INVITE
Content-Length: 0
[;m
call: SIP Progress: 180 Ringing (/)
aufile: writing speaker audio to nil
[36;1m15:03:05.855#
UDP 192.168.6.120:5060 -> 140.124.42.67:64882
SIP/2.0 200 OK
Via: SIP/2.0/UDP 140.124.42.67:64882;rport=64882;received=192.168.6.1;branch=z9hG4bKac6ae7a036a1baf9
From: <sip:101@140.124.42.67>;tag=d5c90a5ff2131b1d
To: <sip:4267@192.168.6.120:5060>;tag=7c6c2af8
Call-ID: 96ebd675fc184596
Contact: <sip:101@192.168.6.120:5060>
CSeq: 32770 INVITE
Allow: INVITE,CANCEL,ACK,BYE,NOTIFY,REFER,OPTIONS,INFO,MESSAGE,UPDATE
Supported: replaces,timer
Content-Type: application/sdp
User-Agent: IPSPK-v1.306
Content-Length: 183
v=0
o=CMI-SIPUA 48834 0 IN IP4 192.168.6.120
s=SIP CALL
c=IN IP4 192.168.6.120
t=0 0
m=audio 20000 RTP/AVP 8 101
a=rtpmap:101 telephone-event/8000
a=fmtp:101 0-15
a=sendrecv
[;m
101@140.124.42.67: Call answered: sip:4267@192.168.6.120:5060
stream: update 'audio'
audio_recv: Set audio decoder: PCMA 8000Hz 1ch
aufile: writing speaker audio to nil
audio_recv: player started with sample format S16LE
audio: Set audio encoder: PCMA 8000Hz 1ch
audio: source started with sample format S16LE
audio tx pipeline:      wasapi ---> aubuf ---> auconv ---> auresamp ---> PCMA
audio rx pipeline:      aufile <--- aubuf <--- auconv <--- auresamp <--- PCMA
[36;1m15:03:05.891#
UDP 140.124.42.67:64882 -> 192.168.6.120:5060
ACK sip:101@192.168.6.120:5060 SIP/2.0
Via: SIP/2.0/UDP 140.124.42.67:64882;branch=z9hG4bK0cb4592cc12c49a7;rport
Max-Forwards: 70
To: <sip:4267@192.168.6.120:5060>;tag=7c6c2af8
From: <sip:101@140.124.42.67>;tag=d5c90a5ff2131b1d
Call-ID: 96ebd675fc184596
CSeq: 32770 ACK
User-Agent: baresip v4.9.0 (AMD64/Windows)
Content-Length: 0
[;m
101@140.124.42.67: Call established: sip:4267@192.168.6.120:5060
[0:00:01] audio=0/0 (bit/s)
[0:00:01] audio=0/0 (bit/s)
[0:00:01] audio=0/0 (bit/s)
[0:00:01] audio=0/0 (bit/s)
[0:00:01] audio=0/0 (bit/s)
[0:00:01] audio=0/0 (bit/s)
[0:00:01] audio=0/0 (bit/s)
[0:00:01] audio=0/0 (bit/s)
[0:00:01] audio=0/0 (bit/s)
[0:00:01] audio=0/0 (bit/s)
[0:00:02] audio=0/0 (bit/s)
[0:00:02] audio=0/0 (bit/s)
[0:00:02] audio=0/0 (bit/s)
[0:00:02] audio=0/0 (bit/s)
[0:00:02] audio=0/0 (bit/s)
[0:00:02] audio=0/0 (bit/s)
[0:00:02] audio=0/0 (bit/s)
[0:00:02] audio=0/0 (bit/s)
[0:00:02] audio=0/0 (bit/s)
[0:00:02] audio=0/0 (bit/s)
[0:00:03] audio=0/0 (bit/s)
[0:00:03] audio=0/0 (bit/s)
[0:00:03] audio=0/0 (bit/s)
[0:00:03] audio=0/0 (bit/s)
[0:00:03] audio=0/0 (bit/s)
[0:00:03] audio=0/0 (bit/s)
[0:00:03] audio=0/0 (bit/s)
[0:00:03] audio=0/0 (bit/s)
[0:00:03] audio=0/0 (bit/s)
[0:00:03] audio=0/0 (bit/s)
[0:00:04] audio=0/0 (bit/s)
[0:00:04] audio=0/0 (bit/s)
[0:00:04] audio=0/0 (bit/s)
[0:00:04] audio=0/0 (bit/s)
[0:00:04] audio=0/0 (bit/s)
[0:00:04] audio=0/0 (bit/s)
[0:00:04] audio=0/0 (bit/s)
[0:00:04] audio=0/0 (bit/s)
[0:00:04] audio=0/0 (bit/s)
[0:00:04] audio=0/0 (bit/s)
[0:00:05] audio=0/0 (bit/s)
[0:00:05] audio=0/0 (bit/s)
[0:00:05] audio=0/0 (bit/s)
[0:00:05] audio=0/0 (bit/s)
[0:00:05] audio=0/0 (bit/s)
[0:00:05] audio=0/0 (bit/s)
[0:00:05] audio=0/0 (bit/s)
[0:00:05] audio=0/0 (bit/s)
[0:00:05] audio=0/0 (bit/s)
[0:00:05] audio=0/0 (bit/s)
[0:00:06] audio=0/0 (bit/s)
[0:00:06] audio=0/0 (bit/s)
[0:00:06] audio=0/0 (bit/s)
[0:00:06] audio=64000/64000 (bit/s)
[0:00:06] audio=64000/64000 (bit/s)
[0:00:06] audio=64000/64000 (bit/s)
[0:00:06] audio=64000/64000 (bit/s)
[0:00:06] audio=64000/64000 (bit/s)
[0:00:06] audio=64000/64000 (bit/s)
[0:00:06] audio=64000/64000 (bit/s)
[0:00:07] audio=64000/64000 (bit/s)
[0:00:07] audio=64000/64000 (bit/s)
[0:00:07] audio=64000/64000 (bit/s)
[0:00:07] audio=64000/64000 (bit/s)
[0:00:07] audio=64000/64000 (bit/s)
[0:00:07] audio=64000/64000 (bit/s)
[0:00:07] audio=64000/64000 (bit/s)
[0:00:07] audio=64000/64000 (bit/s)
[0:00:07] audio=64000/64000 (bit/s)
[0:00:07] audio=64000/64000 (bit/s)
[0:00:08] audio=64000/64000 (bit/s)
[0:00:08] audio=64000/64000 (bit/s)
[0:00:08] audio=64000/64000 (bit/s)
[0:00:08] audio=64000/64000 (bit/s)
[0:00:08] audio=64000/64000 (bit/s)
[0:00:08] audio=64000/64000 (bit/s)
[0:00:08] audio=64000/64000 (bit/s)
[0:00:08] audio=64000/64000 (bit/s)
[0:00:08] audio=64000/64000 (bit/s)
[0:00:08] audio=64000/64000 (bit/s)
[0:00:09] audio=64000/64000 (bit/s)
[0:00:09] audio=64000/64000 (bit/s)
[0:00:09] audio=64000/64000 (bit/s)
[0:00:09] audio=64426/64000 (bit/s)
[0:00:09] audio=64426/64000 (bit/s)
[0:00:09] audio=64426/64000 (bit/s)
[0:00:09] audio=64426/64000 (bit/s)
[0:00:09] audio=64426/64000 (bit/s)
[0:00:09] audio=64426/64000 (bit/s)
[0:00:09] audio=64426/64000 (bit/s)
[0:00:10] audio=64426/64000 (bit/s)
[0:00:10] audio=64426/64000 (bit/s)
[0:00:10] audio=64426/64000 (bit/s)
[0:00:10] audio=64426/64000 (bit/s)
[0:00:10] audio=64426/64000 (bit/s)
[0:00:10] audio=64426/64000 (bit/s)
[0:00:10] audio=64426/64000 (bit/s)
[0:00:10] audio=64426/64000 (bit/s)
[0:00:10] audio=64426/64000 (bit/s)
[0:00:10] audio=64426/64000 (bit/s)
[0:00:11] audio=64426/64000 (bit/s)
[0:00:11] audio=64426/64000 (bit/s)
[0:00:11] audio=64426/64000 (bit/s)
[0:00:11] audio=64426/64000 (bit/s)
[0:00:11] audio=64426/64000 (bit/s)
[0:00:11] audio=64426/64000 (bit/s)
[0:00:11] audio=64426/64000 (bit/s)
[0:00:11] audio=64426/64000 (bit/s)
[0:00:11] audio=64426/64000 (bit/s)
[0:00:11] audio=64426/64000 (bit/s)
[0:00:12] audio=64426/64000 (bit/s)
[0:00:12] audio=64426/64000 (bit/s)
[0:00:12] audio=64426/64000 (bit/s)
[0:00:12] audio=63573/64000 (bit/s)
[0:00:12] audio=63573/64000 (bit/s)
[0:00:12] audio=63573/64000 (bit/s)
[0:00:12] audio=63573/64000 (bit/s)
[0:00:12] audio=63573/64000 (bit/s)
[0:00:12] audio=63573/64000 (bit/s)
[0:00:13] audio=63573/64000 (bit/s)
[0:00:13] audio=63573/64000 (bit/s)
[0:00:13] audio=63573/64000 (bit/s)
[0:00:13] audio=63573/64000 (bit/s)
[0:00:13] audio=63573/64000 (bit/s)
[0:00:13] audio=63573/64000 (bit/s)
[0:00:13] audio=63573/64000 (bit/s)
[0:00:13] audio=63573/64000 (bit/s)
[0:00:13] audio=63573/64000 (bit/s)
[0:00:13] audio=63573/64000 (bit/s)
[0:00:14] audio=63573/64000 (bit/s)
[0:00:14] audio=63573/64000 (bit/s)
[0:00:14] audio=63573/64000 (bit/s)
[0:00:14] audio=63573/64000 (bit/s)
call: terminate call '96ebd675fc184596' with sip:4267@192.168.6.120:5060
[36;1m15:03:19.369#
UDP 140.124.42.67:64882 -> 192.168.6.120:5060
BYE sip:101@192.168.6.120:5060 SIP/2.0
Via: SIP/2.0/UDP 140.124.42.67:64882;branch=z9hG4bK0012b15d14a063e6;rport
Max-Forwards: 70
To: <sip:4267@192.168.6.120:5060>;tag=7c6c2af8
From: <sip:101@140.124.42.67>;tag=d5c90a5ff2131b1d
Call-ID: 96ebd675fc184596
CSeq: 32771 BYE
User-Agent: baresip v4.9.0 (AMD64/Windows)
Content-Length: 0
[;m
sip:101@140.124.42.67: Call with sip:4267@192.168.6.120:5060 terminated (duration: 14 secs)
audio           Transmit:     Receive:
packets:            670          674
avg. bitrate:      63.7         63.9  (kbit/s)
errors:               0            0
tcp: recv handler: recv(): Unknown error [10053]
[36;1m15:03:19.407#
UDP 192.168.6.120:5060 -> 140.124.42.67:64882
SIP/2.0 200 OK
Via: SIP/2.0/UDP 140.124.42.67:64882;rport=64882;received=192.168.6.1;branch=z9hG4bK0012b15d14a063e6
From: <sip:101@140.124.42.67>;tag=d5c90a5ff2131b1d
To: <sip:4267@192.168.6.120:5060>;tag=7c6c2af8
Call-ID: 96ebd675fc184596
CSeq: 32771 BYE
Content-Length: 0
[;m

--- Baresip run 2026-07-08T15:03:30 ---
baresip v4.9.0 Copyright (C) 2010 - 2025 Alfred E. Heggestad et al.
Local network addresses:
 {E9883888-1437-4B71-ACCC-A557E6C989F3}:  fe80::a24e:6067:1df:b7d0
 {E9883888-1437-4B71-ACCC-A557E6C989F3}:  140.124.42.67
aucodec: PCMU/8000/1
aucodec: PCMA/8000/1
aufilt: auconv
aufilt: auresamp
ausrc: aufile
auplay: aufile
ausrc: ausine
ausrc: wasapi
auplay: wasapi
wasapi/device/play: 耳機 (Realtek(R) Audio) ({0.0.0.00000000}.{2e271a10-dbf4-4057-bc46-9ed5d4e5d8a6})
wasapi/device/play: CABLE Input (VB-Audio Virtual Cable) ({0.0.0.00000000}.{3c33c8a2-01f5-44a5-bbcb-085984901f36})
wasapi/device/play: 喇叭 (Realtek(R) Audio) ({0.0.0.00000000}.{a3e110fd-256d-4bbb-ae02-9a851e92111b})
wasapi/device/play: CABLE In 16ch (VB-Audio Virtual Cable) ({0.0.0.00000000}.{f3ce26bd-d2fd-4777-a9bd-ab740c68e878})
wasapi/device/src: CABLE Output (VB-Audio Virtual Cable) ({0.0.1.00000000}.{aaf7e322-e320-469a-a9b4-a9525e7f8c66})
wasapi/device/src: 麥克風 (Realtek(R) Audio) ({0.0.1.00000000}.{c4d3b5b6-8ee3-4b25-9643-faf62db87e04})
wasapi/device/src: 立體聲混音 (Realtek(R) Audio) ({0.0.1.00000000}.{d12b79ae-68dc-47c0-86a8-e8714c349967})
wasapi: output devices: 4, input devices: 3
Populated 1 account
Populated 2 audio codecs
Populated 2 audio filters
Populated 0 video codecs
Populated 0 video filters
baresip is ready.
101@140.124.42.67: selected for request
call: connecting to 'sip:4267@192.168.6.120:5060'..
[36;1m15:03:31.138#
UDP 140.124.42.67:64882 -> 192.168.6.120:5060
INVITE sip:4267@192.168.6.120:5060 SIP/2.0
Via: SIP/2.0/UDP 140.124.42.67:64882;branch=z9hG4bK0997731055b0d710;rport
Contact: <sip:101@140.124.42.67:64882>
Max-Forwards: 70
To: <sip:4267@192.168.6.120:5060>
From: <sip:101@140.124.42.67>;tag=4bc12fd595e6c092
Call-ID: f2f58d57602ba399
CSeq: 21898 INVITE
User-Agent: baresip v4.9.0 (AMD64/Windows)
Allow: INVITE,ACK,BYE,CANCEL,OPTIONS,NOTIFY,INFO,MESSAGE,UPDATE,REFER
Supported: gruu,replaces,norefersub
Content-Type: application/sdp
Content-Length: 274
v=0
o=- 2930756134 1522486904 IN IP4 140.124.42.67
s=-
c=IN IP4 140.124.42.67
t=0 0
m=audio 4004 RTP/AVP 8 0 101
a=rtpmap:8 PCMA/8000
a=rtpmap:0 PCMU/8000
a=rtpmap:101 telephone-event/8000
a=fmtp:101 0-15
a=sendrecv
a=ssrc:4279511299 cname:sip:101@140.124.42.67
[;m
tcp: send: write(): Unknown error [10053] (fdc=900)
[31mctrl_tcp: failed to send the response (Unknown error [10053])
[;mtcp: recv handler: recv(): Unknown error [10053]
[36;1m15:03:31.186#
UDP 192.168.6.120:5060 -> 140.124.42.67:64882
SIP/2.0 100 Trying
Via: SIP/2.0/UDP 140.124.42.67:64882;rport=64882;received=192.168.6.1;branch=z9hG4bK0997731055b0d710
From: <sip:101@140.124.42.67>;tag=4bc12fd595e6c092
To: <sip:4267@192.168.6.120:5060>
Call-ID: f2f58d57602ba399
CSeq: 21898 INVITE
Content-Length: 0
[;m
[36;1m15:03:31.255#
UDP 192.168.6.120:5060 -> 140.124.42.67:64882
SIP/2.0 180 Ringing
Via: SIP/2.0/UDP 140.124.42.67:64882;rport=64882;received=192.168.6.1;branch=z9hG4bK0997731055b0d710
From: <sip:101@140.124.42.67>;tag=4bc12fd595e6c092
To: <sip:4267@192.168.6.120:5060>;tag=5524aa2a
Call-ID: f2f58d57602ba399
Contact: <sip:101@192.168.6.120:5060>
CSeq: 21898 INVITE
Content-Length: 0
[;m
call: SIP Progress: 180 Ringing (/)
aufile: writing speaker audio to nil
[36;1m15:03:31.644#
UDP 192.168.6.120:5060 -> 140.124.42.67:64882
SIP/2.0 200 OK
Via: SIP/2.0/UDP 140.124.42.67:64882;rport=64882;received=192.168.6.1;branch=z9hG4bK0997731055b0d710
From: <sip:101@140.124.42.67>;tag=4bc12fd595e6c092
To: <sip:4267@192.168.6.120:5060>;tag=5524aa2a
Call-ID: f2f58d57602ba399
Contact: <sip:101@192.168.6.120:5060>
CSeq: 21898 INVITE
Allow: INVITE,CANCEL,ACK,BYE,NOTIFY,REFER,OPTIONS,INFO,MESSAGE,UPDATE
Supported: replaces,timer
Content-Type: application/sdp
User-Agent: IPSPK-v1.306
Content-Length: 183
v=0
o=CMI-SIPUA 33295 0 IN IP4 192.168.6.120
s=SIP CALL
c=IN IP4 192.168.6.120
t=0 0
m=audio 20000 RTP/AVP 8 101
a=rtpmap:101 telephone-event/8000
a=fmtp:101 0-15
a=sendrecv
[;m
101@140.124.42.67: Call answered: sip:4267@192.168.6.120:5060
stream: update 'audio'
audio_recv: Set audio decoder: PCMA 8000Hz 1ch
aufile: writing speaker audio to nil
audio_recv: player started with sample format S16LE
audio: Set audio encoder: PCMA 8000Hz 1ch
audio: source started with sample format S16LE
audio tx pipeline:      wasapi ---> aubuf ---> auconv ---> auresamp ---> PCMA
audio rx pipeline:      aufile <--- aubuf <--- auconv <--- auresamp <--- PCMA
[36;1m15:03:31.669#
UDP 140.124.42.67:64882 -> 192.168.6.120:5060
ACK sip:101@192.168.6.120:5060 SIP/2.0
Via: SIP/2.0/UDP 140.124.42.67:64882;branch=z9hG4bK36e98730f2fa69b2;rport
Max-Forwards: 70
To: <sip:4267@192.168.6.120:5060>;tag=5524aa2a
From: <sip:101@140.124.42.67>;tag=4bc12fd595e6c092
Call-ID: f2f58d57602ba399
CSeq: 21898 ACK
User-Agent: baresip v4.9.0 (AMD64/Windows)
Content-Length: 0
[;m
101@140.124.42.67: Call established: sip:4267@192.168.6.120:5060
[0:00:00] audio=0/0 (bit/s)
[0:00:00] audio=0/0 (bit/s)
[0:00:01] audio=0/0 (bit/s)
[0:00:01] audio=0/0 (bit/s)
[0:00:01] audio=0/0 (bit/s)
[0:00:01] audio=0/0 (bit/s)
[0:00:01] audio=0/0 (bit/s)
[0:00:01] audio=0/0 (bit/s)
[0:00:01] audio=0/0 (bit/s)
[0:00:01] audio=0/0 (bit/s)
[0:00:01] audio=0/0 (bit/s)
[0:00:01] audio=0/0 (bit/s)
[0:00:02] audio=0/0 (bit/s)
[0:00:02] audio=0/0 (bit/s)
[0:00:02] audio=0/0 (bit/s)
[0:00:02] audio=0/0 (bit/s)
[0:00:02] audio=0/0 (bit/s)
[0:00:02] audio=0/0 (bit/s)
[0:00:02] audio=0/0 (bit/s)
[0:00:02] audio=0/0 (bit/s)
[0:00:02] audio=0/0 (bit/s)
[0:00:02] audio=0/0 (bit/s)
[0:00:03] audio=0/0 (bit/s)
[0:00:03] audio=0/0 (bit/s)
[0:00:03] audio=0/0 (bit/s)
[0:00:03] audio=0/0 (bit/s)
[0:00:03] audio=0/0 (bit/s)
[0:00:03] audio=0/0 (bit/s)
[0:00:03] audio=0/0 (bit/s)
[0:00:03] audio=0/0 (bit/s)
[0:00:03] audio=0/0 (bit/s)
[0:00:03] audio=0/0 (bit/s)
[0:00:04] audio=0/0 (bit/s)
[0:00:04] audio=0/0 (bit/s)
[0:00:04] audio=0/0 (bit/s)
[0:00:04] audio=0/0 (bit/s)
[0:00:04] audio=0/0 (bit/s)
[0:00:04] audio=0/0 (bit/s)
[0:00:04] audio=0/0 (bit/s)
[0:00:04] audio=0/0 (bit/s)
[0:00:04] audio=0/0 (bit/s)
[0:00:05] audio=0/0 (bit/s)
[0:00:05] audio=0/0 (bit/s)
[0:00:05] audio=0/0 (bit/s)
[0:00:05] audio=0/0 (bit/s)
[0:00:05] audio=0/0 (bit/s)
[0:00:05] audio=0/0 (bit/s)
[0:00:05] audio=0/0 (bit/s)
[0:00:05] audio=0/0 (bit/s)
[0:00:05] audio=0/0 (bit/s)
[0:00:05] audio=0/0 (bit/s)
[0:00:06] audio=0/0 (bit/s)
[0:00:06] audio=0/0 (bit/s)
[0:00:06] audio=0/0 (bit/s)
[0:00:06] audio=64169/64169 (bit/s)
[0:00:06] audio=64169/64169 (bit/s)
[0:00:06] audio=64169/64169 (bit/s)
[0:00:06] audio=64169/64169 (bit/s)
[0:00:06] audio=64169/64169 (bit/s)
[0:00:06] audio=64169/64169 (bit/s)
[0:00:06] audio=64169/64169 (bit/s)
[0:00:07] audio=64169/64169 (bit/s)
[0:00:07] audio=64169/64169 (bit/s)
[0:00:07] audio=64169/64169 (bit/s)
[0:00:07] audio=64169/64169 (bit/s)
[0:00:07] audio=64169/64169 (bit/s)
[0:00:07] audio=64169/64169 (bit/s)
[0:00:07] audio=64169/64169 (bit/s)
[0:00:07] audio=64169/64169 (bit/s)
[0:00:07] audio=64169/64169 (bit/s)
[0:00:07] audio=64169/64169 (bit/s)
[0:00:08] audio=64169/64169 (bit/s)
[0:00:08] audio=64169/64169 (bit/s)
[0:00:08] audio=64169/64169 (bit/s)
[0:00:08] audio=64169/64169 (bit/s)
[0:00:08] audio=64169/64169 (bit/s)
[0:00:08] audio=64169/64169 (bit/s)
[0:00:08] audio=64169/64169 (bit/s)
[0:00:08] audio=64169/64169 (bit/s)
[0:00:08] audio=64169/64169 (bit/s)
[0:00:08] audio=64169/64169 (bit/s)
[0:00:09] audio=64169/64169 (bit/s)
[0:00:09] audio=64169/64169 (bit/s)
[0:00:09] audio=64000/64000 (bit/s)
[0:00:09] audio=64000/64000 (bit/s)
[0:00:09] audio=64000/64000 (bit/s)
[0:00:09] audio=64000/64000 (bit/s)
[0:00:09] audio=64000/64000 (bit/s)
[0:00:09] audio=64000/64000 (bit/s)
[0:00:09] audio=64000/64000 (bit/s)
[0:00:09] audio=64000/64000 (bit/s)
[0:00:10] audio=64000/64000 (bit/s)
[0:00:10] audio=64000/64000 (bit/s)
[0:00:10] audio=64000/64000 (bit/s)
[0:00:10] audio=64000/64000 (bit/s)
[0:00:10] audio=64000/64000 (bit/s)
[0:00:10] audio=64000/64000 (bit/s)
[0:00:10] audio=64000/64000 (bit/s)
[0:00:10] audio=64000/64000 (bit/s)
[0:00:10] audio=64000/64000 (bit/s)
[0:00:11] audio=64000/64000 (bit/s)
[0:00:11] audio=64000/64000 (bit/s)
[0:00:11] audio=64000/64000 (bit/s)
[0:00:11] audio=64000/64000 (bit/s)
[0:00:11] audio=64000/64000 (bit/s)
[0:00:11] audio=64000/64000 (bit/s)
[0:00:11] audio=64000/64000 (bit/s)
[0:00:11] audio=64000/64000 (bit/s)
[0:00:11] audio=64000/64000 (bit/s)
[0:00:11] audio=64000/64000 (bit/s)
[0:00:12] audio=64000/64000 (bit/s)
[0:00:12] audio=64000/64000 (bit/s)
[0:00:12] audio=64000/64000 (bit/s)
[0:00:12] audio=64000/64000 (bit/s)
[0:00:12] audio=64000/64000 (bit/s)
[0:00:12] audio=64000/64000 (bit/s)
[0:00:12] audio=64000/64000 (bit/s)
[0:00:12] audio=64000/64000 (bit/s)
[0:00:12] audio=64000/64000 (bit/s)
[0:00:12] audio=64000/64000 (bit/s)
[0:00:13] audio=64000/64000 (bit/s)
[0:00:13] audio=64000/64000 (bit/s)
[0:00:13] audio=64000/64000 (bit/s)
[0:00:13] audio=64000/64000 (bit/s)
[0:00:13] audio=64000/64000 (bit/s)
[0:00:13] audio=64000/64000 (bit/s)
[0:00:13] audio=64000/64000 (bit/s)
[0:00:13] audio=64000/64000 (bit/s)
[0:00:13] audio=64000/64000 (bit/s)
[0:00:13] audio=64000/64000 (bit/s)
[0:00:14] audio=64000/64000 (bit/s)
[0:00:14] audio=64000/64000 (bit/s)
[0:00:14] audio=64000/64000 (bit/s)
call: terminate call 'f2f58d57602ba399' with sip:4267@192.168.6.120:5060
[36;1m15:03:45.300#
UDP 140.124.42.67:64882 -> 192.168.6.120:5060
BYE sip:101@192.168.6.120:5060 SIP/2.0
Via: SIP/2.0/UDP 140.124.42.67:64882;branch=z9hG4bKda822a11b1848700;rport
Max-Forwards: 70
To: <sip:4267@192.168.6.120:5060>;tag=5524aa2a
From: <sip:101@140.124.42.67>;tag=4bc12fd595e6c092
Call-ID: f2f58d57602ba399
CSeq: 21899 BYE
User-Agent: baresip v4.9.0 (AMD64/Windows)
Content-Length: 0
[;m
sip:101@140.124.42.67: Call with sip:4267@192.168.6.120:5060 terminated (duration: 14 secs)
audio           Transmit:     Receive:
packets:            677          681
avg. bitrate:      63.6         63.7  (kbit/s)
errors:               0            0
[36;1m15:03:45.361#
UDP 192.168.6.120:5060 -> 140.124.42.67:64882
SIP/2.0 200 OK
Via: SIP/2.0/UDP 140.124.42.67:64882;rport=64882;received=192.168.6.1;branch=z9hG4bKda822a11b1848700
From: <sip:101@140.124.42.67>;tag=4bc12fd595e6c092
To: <sip:4267@192.168.6.120:5060>;tag=5524aa2a
Call-ID: f2f58d57602ba399
CSeq: 21899 BYE
Content-Length: 0
[;m
tcp: recv handler: recv(): Unknown error [10053]

--- Baresip run 2026-07-08T15:47:05 ---
baresip v4.9.0 Copyright (C) 2010 - 2025 Alfred E. Heggestad et al.
Local network addresses:
 {E9883888-1437-4B71-ACCC-A557E6C989F3}:  fe80::a24e:6067:1df:b7d0
 {E9883888-1437-4B71-ACCC-A557E6C989F3}:  140.124.42.67
aucodec: PCMU/8000/1
aucodec: PCMA/8000/1
aufilt: auconv
aufilt: auresamp
ausrc: aufile
auplay: aufile
ausrc: ausine
ausrc: wasapi
auplay: wasapi
wasapi/device/play: 耳機 (Realtek(R) Audio) ({0.0.0.00000000}.{2e271a10-dbf4-4057-bc46-9ed5d4e5d8a6})
wasapi/device/play: CABLE Input (VB-Audio Virtual Cable) ({0.0.0.00000000}.{3c33c8a2-01f5-44a5-bbcb-085984901f36})
wasapi/device/play: 喇叭 (Realtek(R) Audio) ({0.0.0.00000000}.{a3e110fd-256d-4bbb-ae02-9a851e92111b})
wasapi/device/play: CABLE In 16ch (VB-Audio Virtual Cable) ({0.0.0.00000000}.{f3ce26bd-d2fd-4777-a9bd-ab740c68e878})
wasapi/device/src: CABLE Output (VB-Audio Virtual Cable) ({0.0.1.00000000}.{aaf7e322-e320-469a-a9b4-a9525e7f8c66})
wasapi/device/src: 麥克風 (Realtek(R) Audio) ({0.0.1.00000000}.{c4d3b5b6-8ee3-4b25-9643-faf62db87e04})
wasapi/device/src: 立體聲混音 (Realtek(R) Audio) ({0.0.1.00000000}.{d12b79ae-68dc-47c0-86a8-e8714c349967})
wasapi: output devices: 4, input devices: 3
Populated 1 account
Populated 2 audio codecs
Populated 2 audio filters
Populated 0 video codecs
Populated 0 video filters
baresip is ready.
101@140.124.42.67: selected for request
call: connecting to 'sip:4267@192.168.6.120:5060'..
[36;1m15:47:06.587#
UDP 140.124.42.67:64882 -> 192.168.6.120:5060
INVITE sip:4267@192.168.6.120:5060 SIP/2.0
Via: SIP/2.0/UDP 140.124.42.67:64882;branch=z9hG4bK03a3298f471042f7;rport
Contact: <sip:101@140.124.42.67:64882>
Max-Forwards: 70
To: <sip:4267@192.168.6.120:5060>
From: <sip:101@140.124.42.67>;tag=6464f52e9893009e
Call-ID: 050469c35c616e5b
CSeq: 45468 INVITE
User-Agent: baresip v4.9.0 (AMD64/Windows)
Allow: INVITE,ACK,BYE,CANCEL,OPTIONS,NOTIFY,INFO,MESSAGE,UPDATE,REFER
Supported: gruu,replaces,norefersub
Content-Type: application/sdp
Content-Length: 273
v=0
o=- 782382328 1635837598 IN IP4 140.124.42.67
s=-
c=IN IP4 140.124.42.67
t=0 0
m=audio 4004 RTP/AVP 8 0 101
a=rtpmap:8 PCMA/8000
a=rtpmap:0 PCMU/8000
a=rtpmap:101 telephone-event/8000
a=fmtp:101 0-15
a=sendrecv
a=ssrc:1705075705 cname:sip:101@140.124.42.67
[;m
tcp: send: write(): Unknown error [10053] (fdc=856)
[31mctrl_tcp: failed to send the response (Unknown error [10053])
[;mtcp: recv handler: recv(): Unknown error [10053]
[36;1m15:47:06.630#
UDP 192.168.6.120:5060 -> 140.124.42.67:64882
SIP/2.0 100 Trying
Via: SIP/2.0/UDP 140.124.42.67:64882;rport=64882;received=192.168.6.1;branch=z9hG4bK03a3298f471042f7
From: <sip:101@140.124.42.67>;tag=6464f52e9893009e
To: <sip:4267@192.168.6.120:5060>
Call-ID: 050469c35c616e5b
CSeq: 45468 INVITE
Content-Length: 0
[;m
[36;1m15:47:06.706#
UDP 192.168.6.120:5060 -> 140.124.42.67:64882
SIP/2.0 180 Ringing
Via: SIP/2.0/UDP 140.124.42.67:64882;rport=64882;received=192.168.6.1;branch=z9hG4bK03a3298f471042f7
From: <sip:101@140.124.42.67>;tag=6464f52e9893009e
To: <sip:4267@192.168.6.120:5060>;tag=51bb4c3e
Call-ID: 050469c35c616e5b
Contact: <sip:101@192.168.6.120:5060>
CSeq: 45468 INVITE
Content-Length: 0
[;m
call: SIP Progress: 180 Ringing (/)
aufile: writing speaker audio to nil
[36;1m15:47:07.086#
UDP 192.168.6.120:5060 -> 140.124.42.67:64882
SIP/2.0 200 OK
Via: SIP/2.0/UDP 140.124.42.67:64882;rport=64882;received=192.168.6.1;branch=z9hG4bK03a3298f471042f7
From: <sip:101@140.124.42.67>;tag=6464f52e9893009e
To: <sip:4267@192.168.6.120:5060>;tag=51bb4c3e
Call-ID: 050469c35c616e5b
Contact: <sip:101@192.168.6.120:5060>
CSeq: 45468 INVITE
Allow: INVITE,CANCEL,ACK,BYE,NOTIFY,REFER,OPTIONS,INFO,MESSAGE,UPDATE
Supported: replaces,timer
Content-Type: application/sdp
User-Agent: IPSPK-v1.306
Content-Length: 183
v=0
o=CMI-SIPUA 40665 0 IN IP4 192.168.6.120
s=SIP CALL
c=IN IP4 192.168.6.120
t=0 0
m=audio 20000 RTP/AVP 8 101
a=rtpmap:101 telephone-event/8000
a=fmtp:101 0-15
a=sendrecv
[;m
101@140.124.42.67: Call answered: sip:4267@192.168.6.120:5060
stream: update 'audio'
audio_recv: Set audio decoder: PCMA 8000Hz 1ch
aufile: writing speaker audio to nil
audio_recv: player started with sample format S16LE
audio: Set audio encoder: PCMA 8000Hz 1ch
audio: source started with sample format S16LE
audio tx pipeline:      wasapi ---> aubuf ---> auconv ---> auresamp ---> PCMA
audio rx pipeline:      aufile <--- aubuf <--- auconv <--- auresamp <--- PCMA
[36;1m15:47:07.112#
UDP 140.124.42.67:64882 -> 192.168.6.120:5060
ACK sip:101@192.168.6.120:5060 SIP/2.0
Via: SIP/2.0/UDP 140.124.42.67:64882;branch=z9hG4bKa32e4b48a7fb346b;rport
Max-Forwards: 70
To: <sip:4267@192.168.6.120:5060>;tag=51bb4c3e
From: <sip:101@140.124.42.67>;tag=6464f52e9893009e
Call-ID: 050469c35c616e5b
CSeq: 45468 ACK
User-Agent: baresip v4.9.0 (AMD64/Windows)
Content-Length: 0
[;m
101@140.124.42.67: Call established: sip:4267@192.168.6.120:5060
[0:00:00] audio=0/0 (bit/s)
[0:00:00] audio=0/0 (bit/s)
[0:00:00] audio=0/0 (bit/s)
[0:00:00] audio=0/0 (bit/s)
[0:00:00] audio=0/0 (bit/s)
[0:00:00] audio=0/0 (bit/s)
[0:00:00] audio=0/0 (bit/s)
[0:00:00] audio=0/0 (bit/s)
[0:00:01] audio=0/0 (bit/s)
[0:00:01] audio=0/0 (bit/s)
[0:00:01] audio=0/0 (bit/s)
[0:00:01] audio=0/0 (bit/s)
[0:00:01] audio=0/0 (bit/s)
[0:00:01] audio=0/0 (bit/s)
[0:00:01] audio=0/0 (bit/s)
[0:00:01] audio=0/0 (bit/s)
[0:00:01] audio=0/0 (bit/s)
[0:00:01] audio=0/0 (bit/s)
[0:00:02] audio=0/0 (bit/s)
[0:00:02] audio=0/0 (bit/s)
[0:00:02] audio=0/0 (bit/s)
[0:00:02] audio=0/0 (bit/s)
[0:00:02] audio=0/0 (bit/s)
[0:00:02] audio=0/0 (bit/s)
[0:00:02] audio=0/0 (bit/s)
[0:00:02] audio=0/0 (bit/s)
[0:00:02] audio=0/0 (bit/s)
[0:00:03] audio=0/0 (bit/s)
[0:00:03] audio=0/0 (bit/s)
[0:00:03] audio=0/0 (bit/s)
[0:00:03] audio=0/0 (bit/s)
[0:00:03] audio=0/0 (bit/s)
[0:00:03] audio=0/0 (bit/s)
[0:00:03] audio=0/0 (bit/s)
[0:00:03] audio=0/0 (bit/s)
[0:00:03] audio=0/0 (bit/s)
[0:00:03] audio=0/0 (bit/s)
[0:00:04] audio=0/0 (bit/s)
[0:00:04] audio=0/0 (bit/s)
[0:00:04] audio=0/0 (bit/s)
[0:00:04] audio=0/0 (bit/s)
[0:00:04] audio=0/0 (bit/s)
[0:00:04] audio=0/0 (bit/s)
[0:00:04] audio=0/0 (bit/s)
[0:00:04] audio=0/0 (bit/s)
[0:00:04] audio=0/0 (bit/s)
[0:00:04] audio=0/0 (bit/s)
[0:00:05] audio=0/0 (bit/s)
[0:00:05] audio=0/0 (bit/s)
[0:00:05] audio=0/0 (bit/s)
[0:00:05] audio=0/0 (bit/s)
[0:00:05] audio=0/0 (bit/s)
[0:00:05] audio=0/0 (bit/s)
[0:00:05] audio=0/0 (bit/s)
[0:00:05] audio=64148/63723 (bit/s)
[0:00:05] audio=64148/63723 (bit/s)
[0:00:05] audio=64148/63723 (bit/s)
[0:00:06] audio=64148/63723 (bit/s)
[0:00:06] audio=64148/63723 (bit/s)
[0:00:06] audio=64148/63723 (bit/s)
[0:00:06] audio=64148/63723 (bit/s)
[0:00:06] audio=64148/63723 (bit/s)
[0:00:06] audio=64148/63723 (bit/s)
[0:00:06] audio=64148/63723 (bit/s)
[0:00:06] audio=64148/63723 (bit/s)
[0:00:06] audio=64148/63723 (bit/s)
[0:00:06] audio=64148/63723 (bit/s)
[0:00:07] audio=64148/63723 (bit/s)
[0:00:07] audio=64148/63723 (bit/s)
[0:00:07] audio=64148/63723 (bit/s)
[0:00:07] audio=64148/63723 (bit/s)
[0:00:07] audio=64148/63723 (bit/s)
[0:00:07] audio=64148/63723 (bit/s)
[0:00:07] audio=64148/63723 (bit/s)
[0:00:07] audio=64148/63723 (bit/s)
[0:00:07] audio=64148/63723 (bit/s)
[0:00:07] audio=64148/63723 (bit/s)
[0:00:08] audio=64148/63723 (bit/s)
[0:00:08] audio=64148/63723 (bit/s)
[0:00:08] audio=64148/63723 (bit/s)
[0:00:08] audio=64148/63723 (bit/s)
[0:00:08] audio=64148/63723 (bit/s)
[0:00:08] audio=64148/63723 (bit/s)
[0:00:08] audio=64148/63723 (bit/s)
[0:00:08] audio=63978/64405 (bit/s)
[0:00:08] audio=63978/64405 (bit/s)
[0:00:08] audio=63978/64405 (bit/s)
[0:00:09] audio=63978/64405 (bit/s)
[0:00:09] audio=63978/64405 (bit/s)
[0:00:09] audio=63978/64405 (bit/s)
[0:00:09] audio=63978/64405 (bit/s)
[0:00:09] audio=63978/64405 (bit/s)
[0:00:09] audio=63978/64405 (bit/s)
[0:00:09] audio=63978/64405 (bit/s)
[0:00:09] audio=63978/64405 (bit/s)
[0:00:09] audio=63978/64405 (bit/s)
[0:00:09] audio=63978/64405 (bit/s)
[0:00:10] audio=63978/64405 (bit/s)
[0:00:10] audio=63978/64405 (bit/s)
[0:00:10] audio=63978/64405 (bit/s)
[0:00:10] audio=63978/64405 (bit/s)
[0:00:10] audio=63978/64405 (bit/s)
[0:00:10] audio=63978/64405 (bit/s)
[0:00:10] audio=63978/64405 (bit/s)
[0:00:10] audio=63978/64405 (bit/s)
[0:00:10] audio=63978/64405 (bit/s)
[0:00:10] audio=63978/64405 (bit/s)
[0:00:11] audio=63978/64405 (bit/s)
[0:00:11] audio=63978/64405 (bit/s)
[0:00:11] audio=63978/64405 (bit/s)
[0:00:11] audio=63978/64405 (bit/s)
[0:00:11] audio=63978/64405 (bit/s)
[0:00:11] audio=63978/64405 (bit/s)
[0:00:11] audio=63978/64405 (bit/s)
[0:00:11] audio=64000/64000 (bit/s)
[0:00:11] audio=64000/64000 (bit/s)
[0:00:11] audio=64000/64000 (bit/s)
[0:00:12] audio=64000/64000 (bit/s)
[0:00:12] audio=64000/64000 (bit/s)
[0:00:12] audio=64000/64000 (bit/s)
[0:00:12] audio=64000/64000 (bit/s)
[0:00:12] audio=64000/64000 (bit/s)
[0:00:12] audio=64000/64000 (bit/s)
[0:00:12] audio=64000/64000 (bit/s)
[0:00:12] audio=64000/64000 (bit/s)
[0:00:12] audio=64000/64000 (bit/s)
[0:00:12] audio=64000/64000 (bit/s)
[0:00:13] audio=64000/64000 (bit/s)
[0:00:13] audio=64000/64000 (bit/s)
[0:00:13] audio=64000/64000 (bit/s)
[0:00:13] audio=64000/64000 (bit/s)
[0:00:13] audio=64000/64000 (bit/s)
[0:00:13] audio=64000/64000 (bit/s)
[0:00:13] audio=64000/64000 (bit/s)
call: terminate call '050469c35c616e5b' with sip:4267@192.168.6.120:5060
[36;1m15:47:20.716#
UDP 140.124.42.67:64882 -> 192.168.6.120:5060
BYE sip:101@192.168.6.120:5060 SIP/2.0
Via: SIP/2.0/UDP 140.124.42.67:64882;branch=z9hG4bK11832ba62b7a146b;rport
Max-Forwards: 70
To: <sip:4267@192.168.6.120:5060>;tag=51bb4c3e
From: <sip:101@140.124.42.67>;tag=6464f52e9893009e
Call-ID: 050469c35c616e5b
CSeq: 45469 BYE
User-Agent: baresip v4.9.0 (AMD64/Windows)
Content-Length: 0
[;m
sip:101@140.124.42.67: Call with sip:4267@192.168.6.120:5060 terminated (duration: 13 secs)
audio           Transmit:     Receive:
packets:            676          680
avg. bitrate:      63.7         63.9  (kbit/s)
errors:               0            0
tcp: recv handler: recv(): Unknown error [10053]
[36;1m15:47:20.758#
UDP 192.168.6.120:5060 -> 140.124.42.67:64882
SIP/2.0 200 OK
Via: SIP/2.0/UDP 140.124.42.67:64882;rport=64882;received=192.168.6.1;branch=z9hG4bK11832ba62b7a146b
From: <sip:101@140.124.42.67>;tag=6464f52e9893009e
To: <sip:4267@192.168.6.120:5060>;tag=51bb4c3e
Call-ID: 050469c35c616e5b
CSeq: 45469 BYE
Content-Length: 0
[;m

--- Baresip run 2026-07-08T15:47:27 ---
baresip v4.9.0 Copyright (C) 2010 - 2025 Alfred E. Heggestad et al.
Local network addresses:
 {E9883888-1437-4B71-ACCC-A557E6C989F3}:  fe80::a24e:6067:1df:b7d0
 {E9883888-1437-4B71-ACCC-A557E6C989F3}:  140.124.42.67
aucodec: PCMU/8000/1
aucodec: PCMA/8000/1
aufilt: auconv
aufilt: auresamp
ausrc: aufile
auplay: aufile
ausrc: ausine
ausrc: wasapi
auplay: wasapi
wasapi/device/play: 耳機 (Realtek(R) Audio) ({0.0.0.00000000}.{2e271a10-dbf4-4057-bc46-9ed5d4e5d8a6})
wasapi/device/play: CABLE Input (VB-Audio Virtual Cable) ({0.0.0.00000000}.{3c33c8a2-01f5-44a5-bbcb-085984901f36})
wasapi/device/play: 喇叭 (Realtek(R) Audio) ({0.0.0.00000000}.{a3e110fd-256d-4bbb-ae02-9a851e92111b})
wasapi/device/play: CABLE In 16ch (VB-Audio Virtual Cable) ({0.0.0.00000000}.{f3ce26bd-d2fd-4777-a9bd-ab740c68e878})
wasapi/device/src: CABLE Output (VB-Audio Virtual Cable) ({0.0.1.00000000}.{aaf7e322-e320-469a-a9b4-a9525e7f8c66})
wasapi/device/src: 麥克風 (Realtek(R) Audio) ({0.0.1.00000000}.{c4d3b5b6-8ee3-4b25-9643-faf62db87e04})
wasapi/device/src: 立體聲混音 (Realtek(R) Audio) ({0.0.1.00000000}.{d12b79ae-68dc-47c0-86a8-e8714c349967})
wasapi: output devices: 4, input devices: 3
Populated 1 account
Populated 2 audio codecs
Populated 2 audio filters
Populated 0 video codecs
Populated 0 video filters
baresip is ready.
101@140.124.42.67: selected for request
call: connecting to 'sip:4267@192.168.6.120:5060'..
[36;1m15:47:28.886#
UDP 140.124.42.67:64882 -> 192.168.6.120:5060
INVITE sip:4267@192.168.6.120:5060 SIP/2.0
Via: SIP/2.0/UDP 140.124.42.67:64882;branch=z9hG4bK1f060ec85724c640;rport
Contact: <sip:101@140.124.42.67:64882>
Max-Forwards: 70
To: <sip:4267@192.168.6.120:5060>
From: <sip:101@140.124.42.67>;tag=9b9483b1899dc1a0
Call-ID: db528e33f5ff67c2
CSeq: 22763 INVITE
User-Agent: baresip v4.9.0 (AMD64/Windows)
Allow: INVITE,ACK,BYE,CANCEL,OPTIONS,NOTIFY,INFO,MESSAGE,UPDATE,REFER
Supported: gruu,replaces,norefersub
Content-Type: application/sdp
Content-Length: 272
v=0
o=- 3431131378 440507757 IN IP4 140.124.42.67
s=-
c=IN IP4 140.124.42.67
t=0 0
m=audio 4004 RTP/AVP 8 0 101
a=rtpmap:8 PCMA/8000
a=rtpmap:0 PCMU/8000
a=rtpmap:101 telephone-event/8000
a=fmtp:101 0-15
a=sendrecv
a=ssrc:437023278 cname:sip:101@140.124.42.67
[;m
tcp: send: write(): Unknown error [10053] (fdc=1016)
[31mctrl_tcp: failed to send the response (Unknown error [10053])
[;mtcp: recv handler: recv(): Unknown error [10053]
[36;1m15:47:28.938#
UDP 192.168.6.120:5060 -> 140.124.42.67:64882
SIP/2.0 100 Trying
Via: SIP/2.0/UDP 140.124.42.67:64882;rport=64882;received=192.168.6.1;branch=z9hG4bK1f060ec85724c640
From: <sip:101@140.124.42.67>;tag=9b9483b1899dc1a0
To: <sip:4267@192.168.6.120:5060>
Call-ID: db528e33f5ff67c2
CSeq: 22763 INVITE
Content-Length: 0
[;m
[36;1m15:47:29.003#
UDP 192.168.6.120:5060 -> 140.124.42.67:64882
SIP/2.0 180 Ringing
Via: SIP/2.0/UDP 140.124.42.67:64882;rport=64882;received=192.168.6.1;branch=z9hG4bK1f060ec85724c640
From: <sip:101@140.124.42.67>;tag=9b9483b1899dc1a0
To: <sip:4267@192.168.6.120:5060>;tag=6c75ea35
Call-ID: db528e33f5ff67c2
Contact: <sip:101@192.168.6.120:5060>
CSeq: 22763 INVITE
Content-Length: 0
[;m
call: SIP Progress: 180 Ringing (/)
aufile: writing speaker audio to nil
[36;1m15:47:29.509#
UDP 192.168.6.120:5060 -> 140.124.42.67:64882
SIP/2.0 200 OK
Via: SIP/2.0/UDP 140.124.42.67:64882;rport=64882;received=192.168.6.1;branch=z9hG4bK1f060ec85724c640
From: <sip:101@140.124.42.67>;tag=9b9483b1899dc1a0
To: <sip:4267@192.168.6.120:5060>;tag=6c75ea35
Call-ID: db528e33f5ff67c2
Contact: <sip:101@192.168.6.120:5060>
CSeq: 22763 INVITE
Allow: INVITE,CANCEL,ACK,BYE,NOTIFY,REFER,OPTIONS,INFO,MESSAGE,UPDATE
Supported: replaces,timer
Content-Type: application/sdp
User-Agent: IPSPK-v1.306
Content-Length: 183
v=0
o=CMI-SIPUA 25156 0 IN IP4 192.168.6.120
s=SIP CALL
c=IN IP4 192.168.6.120
t=0 0
m=audio 20000 RTP/AVP 8 101
a=rtpmap:101 telephone-event/8000
a=fmtp:101 0-15
a=sendrecv
[;m
101@140.124.42.67: Call answered: sip:4267@192.168.6.120:5060
stream: update 'audio'
audio_recv: Set audio decoder: PCMA 8000Hz 1ch
aufile: writing speaker audio to nil
audio_recv: player started with sample format S16LE
audio: Set audio encoder: PCMA 8000Hz 1ch
audio: source started with sample format S16LE
audio tx pipeline:      wasapi ---> aubuf ---> auconv ---> auresamp ---> PCMA
audio rx pipeline:      aufile <--- aubuf <--- auconv <--- auresamp <--- PCMA
[36;1m15:47:29.531#
UDP 140.124.42.67:64882 -> 192.168.6.120:5060
ACK sip:101@192.168.6.120:5060 SIP/2.0
Via: SIP/2.0/UDP 140.124.42.67:64882;branch=z9hG4bKe2bd9a05ac55d249;rport
Max-Forwards: 70
To: <sip:4267@192.168.6.120:5060>;tag=6c75ea35
From: <sip:101@140.124.42.67>;tag=9b9483b1899dc1a0
Call-ID: db528e33f5ff67c2
CSeq: 22763 ACK
User-Agent: baresip v4.9.0 (AMD64/Windows)
Content-Length: 0
[;m
101@140.124.42.67: Call established: sip:4267@192.168.6.120:5060
[0:00:00] audio=0/0 (bit/s)
[0:00:00] audio=0/0 (bit/s)
[0:00:00] audio=0/0 (bit/s)
[0:00:00] audio=0/0 (bit/s)
[0:00:01] audio=0/0 (bit/s)
[0:00:01] audio=0/0 (bit/s)
[0:00:01] audio=0/0 (bit/s)
[0:00:01] audio=0/0 (bit/s)
[0:00:01] audio=0/0 (bit/s)
[0:00:01] audio=0/0 (bit/s)
[0:00:01] audio=0/0 (bit/s)
[0:00:01] audio=0/0 (bit/s)
[0:00:01] audio=0/0 (bit/s)
[0:00:01] audio=0/0 (bit/s)
[0:00:02] audio=0/0 (bit/s)
[0:00:02] audio=0/0 (bit/s)
[0:00:02] audio=0/0 (bit/s)
[0:00:02] audio=0/0 (bit/s)
[0:00:02] audio=0/0 (bit/s)
[0:00:02] audio=0/0 (bit/s)
[0:00:02] audio=0/0 (bit/s)
[0:00:02] audio=0/0 (bit/s)
[0:00:02] audio=0/0 (bit/s)
[0:00:02] audio=0/0 (bit/s)
[0:00:03] audio=0/0 (bit/s)
[0:00:03] audio=0/0 (bit/s)
[0:00:03] audio=0/0 (bit/s)
[0:00:03] audio=0/0 (bit/s)
[0:00:03] audio=0/0 (bit/s)
[0:00:03] audio=0/0 (bit/s)
[0:00:03] audio=0/0 (bit/s)
[0:00:03] audio=0/0 (bit/s)
[0:00:03] audio=0/0 (bit/s)
[0:00:03] audio=0/0 (bit/s)
[0:00:04] audio=0/0 (bit/s)
[0:00:04] audio=0/0 (bit/s)
[0:00:04] audio=0/0 (bit/s)
[0:00:04] audio=0/0 (bit/s)
[0:00:04] audio=0/0 (bit/s)
[0:00:04] audio=0/0 (bit/s)
[0:00:04] audio=0/0 (bit/s)
[0:00:04] audio=0/0 (bit/s)
[0:00:04] audio=0/0 (bit/s)
[0:00:04] audio=0/0 (bit/s)
[0:00:05] audio=0/0 (bit/s)
[0:00:05] audio=0/0 (bit/s)
[0:00:05] audio=0/0 (bit/s)
[0:00:05] audio=0/0 (bit/s)
[0:00:05] audio=0/0 (bit/s)
[0:00:05] audio=0/0 (bit/s)
[0:00:05] audio=0/0 (bit/s)
[0:00:05] audio=0/0 (bit/s)
[0:00:05] audio=0/0 (bit/s)
[0:00:05] audio=64000/64426 (bit/s)
[0:00:06] audio=64000/64426 (bit/s)
[0:00:06] audio=64000/64426 (bit/s)
[0:00:06] audio=64000/64426 (bit/s)
[0:00:06] audio=64000/64426 (bit/s)
[0:00:06] audio=64000/64426 (bit/s)
[0:00:06] audio=64000/64426 (bit/s)
[0:00:06] audio=64000/64426 (bit/s)
[0:00:06] audio=64000/64426 (bit/s)
[0:00:06] audio=64000/64426 (bit/s)
[0:00:07] audio=64000/64426 (bit/s)
[0:00:07] audio=64000/64426 (bit/s)
[0:00:07] audio=64000/64426 (bit/s)
[0:00:07] audio=64000/64426 (bit/s)
[0:00:07] audio=64000/64426 (bit/s)
[0:00:07] audio=64000/64426 (bit/s)
[0:00:07] audio=64000/64426 (bit/s)
[0:00:07] audio=64000/64426 (bit/s)
[0:00:07] audio=64000/64426 (bit/s)
[0:00:07] audio=64000/64426 (bit/s)
[0:00:08] audio=64000/64426 (bit/s)
[0:00:08] audio=64000/64426 (bit/s)
[0:00:08] audio=64000/64426 (bit/s)
[0:00:08] audio=64000/64426 (bit/s)
[0:00:08] audio=64000/64426 (bit/s)
[0:00:08] audio=64000/64426 (bit/s)
[0:00:08] audio=64000/64426 (bit/s)
[0:00:08] audio=64000/64426 (bit/s)
[0:00:08] audio=64000/64426 (bit/s)
[0:00:08] audio=64000/64426 (bit/s)
[0:00:09] audio=64000/64000 (bit/s)
[0:00:09] audio=64000/64000 (bit/s)
[0:00:09] audio=64000/64000 (bit/s)
[0:00:09] audio=64000/64000 (bit/s)
[0:00:09] audio=64000/64000 (bit/s)
[0:00:09] audio=64000/64000 (bit/s)
[0:00:09] audio=64000/64000 (bit/s)
[0:00:09] audio=64000/64000 (bit/s)
[0:00:09] audio=64000/64000 (bit/s)
[0:00:09] audio=64000/64000 (bit/s)
[0:00:10] audio=64000/64000 (bit/s)
[0:00:10] audio=64000/64000 (bit/s)
[0:00:10] audio=64000/64000 (bit/s)
[0:00:10] audio=64000/64000 (bit/s)
[0:00:10] audio=64000/64000 (bit/s)
[0:00:10] audio=64000/64000 (bit/s)
[0:00:10] audio=64000/64000 (bit/s)
[0:00:10] audio=64000/64000 (bit/s)
[0:00:10] audio=64000/64000 (bit/s)
[0:00:10] audio=64000/64000 (bit/s)
[0:00:11] audio=64000/64000 (bit/s)
[0:00:11] audio=64000/64000 (bit/s)
[0:00:11] audio=64000/64000 (bit/s)
[0:00:11] audio=64000/64000 (bit/s)
[0:00:11] audio=64000/64000 (bit/s)
[0:00:11] audio=64000/64000 (bit/s)
[0:00:11] audio=64000/64000 (bit/s)
[0:00:11] audio=64000/64000 (bit/s)
[0:00:11] audio=64000/64000 (bit/s)
[0:00:11] audio=64000/64000 (bit/s)
[0:00:12] audio=64000/64000 (bit/s)
[0:00:12] audio=64000/64000 (bit/s)
[0:00:12] audio=64000/64000 (bit/s)
[0:00:12] audio=64000/64000 (bit/s)
[0:00:12] audio=64000/64000 (bit/s)
[0:00:12] audio=64000/64000 (bit/s)
[0:00:12] audio=64000/64000 (bit/s)
[0:00:12] audio=64000/64000 (bit/s)
[0:00:12] audio=64000/64000 (bit/s)
[0:00:12] audio=64000/64000 (bit/s)
[0:00:13] audio=64000/64000 (bit/s)
[0:00:13] audio=64000/64000 (bit/s)
[0:00:13] audio=64000/64000 (bit/s)
[0:00:13] audio=64000/64000 (bit/s)
[0:00:13] audio=64000/64000 (bit/s)
[0:00:13] audio=64000/64000 (bit/s)
[0:00:13] audio=64000/64000 (bit/s)
[0:00:13] audio=64000/64000 (bit/s)
[0:00:13] audio=64000/64000 (bit/s)
[0:00:13] audio=64000/64000 (bit/s)
[0:00:14] audio=64000/64000 (bit/s)
call: terminate call 'db528e33f5ff67c2' with sip:4267@192.168.6.120:5060
[36;1m15:47:43.014#
UDP 140.124.42.67:64882 -> 192.168.6.120:5060
BYE sip:101@192.168.6.120:5060 SIP/2.0
Via: SIP/2.0/UDP 140.124.42.67:64882;branch=z9hG4bKdf20df591642777b;rport
Max-Forwards: 70
To: <sip:4267@192.168.6.120:5060>;tag=6c75ea35
From: <sip:101@140.124.42.67>;tag=9b9483b1899dc1a0
Call-ID: db528e33f5ff67c2
CSeq: 22764 BYE
User-Agent: baresip v4.9.0 (AMD64/Windows)
Content-Length: 0
[;m
sip:101@140.124.42.67: Call with sip:4267@192.168.6.120:5060 terminated (duration: 14 secs)
audio           Transmit:     Receive:
packets:            670          674
avg. bitrate:      63.6         63.8  (kbit/s)
errors:               0            0
[36;1m15:47:43.065#
UDP 192.168.6.120:5060 -> 140.124.42.67:64882
SIP/2.0 200 OK
Via: SIP/2.0/UDP 140.124.42.67:64882;rport=64882;received=192.168.6.1;branch=z9hG4bKdf20df591642777b
From: <sip:101@140.124.42.67>;tag=9b9483b1899dc1a0
To: <sip:4267@192.168.6.120:5060>;tag=6c75ea35
Call-ID: db528e33f5ff67c2
CSeq: 22764 BYE
Content-Length: 0
[;m
tcp: recv handler: recv(): Unknown error [10053]

--- Baresip run 2026-07-08T15:49:29 ---
baresip v4.9.0 Copyright (C) 2010 - 2025 Alfred E. Heggestad et al.
Local network addresses:
 {E9883888-1437-4B71-ACCC-A557E6C989F3}:  fe80::a24e:6067:1df:b7d0
 {E9883888-1437-4B71-ACCC-A557E6C989F3}:  140.124.42.67
aucodec: PCMU/8000/1
aucodec: PCMA/8000/1
aufilt: auconv
aufilt: auresamp
ausrc: aufile
auplay: aufile
ausrc: ausine
ausrc: wasapi
auplay: wasapi
wasapi/device/play: 耳機 (Realtek(R) Audio) ({0.0.0.00000000}.{2e271a10-dbf4-4057-bc46-9ed5d4e5d8a6})
wasapi/device/play: CABLE Input (VB-Audio Virtual Cable) ({0.0.0.00000000}.{3c33c8a2-01f5-44a5-bbcb-085984901f36})
wasapi/device/play: 喇叭 (Realtek(R) Audio) ({0.0.0.00000000}.{a3e110fd-256d-4bbb-ae02-9a851e92111b})
wasapi/device/play: CABLE In 16ch (VB-Audio Virtual Cable) ({0.0.0.00000000}.{f3ce26bd-d2fd-4777-a9bd-ab740c68e878})
wasapi/device/src: CABLE Output (VB-Audio Virtual Cable) ({0.0.1.00000000}.{aaf7e322-e320-469a-a9b4-a9525e7f8c66})
wasapi/device/src: 麥克風 (Realtek(R) Audio) ({0.0.1.00000000}.{c4d3b5b6-8ee3-4b25-9643-faf62db87e04})
wasapi/device/src: 立體聲混音 (Realtek(R) Audio) ({0.0.1.00000000}.{d12b79ae-68dc-47c0-86a8-e8714c349967})
wasapi: output devices: 4, input devices: 3
Populated 1 account
Populated 2 audio codecs
Populated 2 audio filters
Populated 0 video codecs
Populated 0 video filters
baresip is ready.
101@140.124.42.67: selected for request
call: connecting to 'sip:4267@192.168.6.120:5060'..
[36;1m15:49:30.032#
UDP 140.124.42.67:64882 -> 192.168.6.120:5060
INVITE sip:4267@192.168.6.120:5060 SIP/2.0
Via: SIP/2.0/UDP 140.124.42.67:64882;branch=z9hG4bK2cbf118d93e1e9f2;rport
Contact: <sip:101@140.124.42.67:64882>
Max-Forwards: 70
To: <sip:4267@192.168.6.120:5060>
From: <sip:101@140.124.42.67>;tag=ff61337b840797ae
Call-ID: 29c9b0c033436656
CSeq: 29015 INVITE
User-Agent: baresip v4.9.0 (AMD64/Windows)
Allow: INVITE,ACK,BYE,CANCEL,OPTIONS,NOTIFY,INFO,MESSAGE,UPDATE,REFER
Supported: gruu,replaces,norefersub
Content-Type: application/sdp
Content-Length: 273
v=0
o=- 2267116038 244925772 IN IP4 140.124.42.67
s=-
c=IN IP4 140.124.42.67
t=0 0
m=audio 4004 RTP/AVP 8 0 101
a=rtpmap:8 PCMA/8000
a=rtpmap:0 PCMU/8000
a=rtpmap:101 telephone-event/8000
a=fmtp:101 0-15
a=sendrecv
a=ssrc:2073990118 cname:sip:101@140.124.42.67
[;m
tcp: send: write(): Unknown error [10053] (fdc=980)
[31mctrl_tcp: failed to send the response (Unknown error [10053])
[;mtcp: recv handler: recv(): Unknown error [10053]
[36;1m15:49:30.076#
UDP 192.168.6.120:5060 -> 140.124.42.67:64882
SIP/2.0 100 Trying
Via: SIP/2.0/UDP 140.124.42.67:64882;rport=64882;received=192.168.6.1;branch=z9hG4bK2cbf118d93e1e9f2
From: <sip:101@140.124.42.67>;tag=ff61337b840797ae
To: <sip:4267@192.168.6.120:5060>
Call-ID: 29c9b0c033436656
CSeq: 29015 INVITE
Content-Length: 0
[;m
[36;1m15:49:30.150#
UDP 192.168.6.120:5060 -> 140.124.42.67:64882
SIP/2.0 180 Ringing
Via: SIP/2.0/UDP 140.124.42.67:64882;rport=64882;received=192.168.6.1;branch=z9hG4bK2cbf118d93e1e9f2
From: <sip:101@140.124.42.67>;tag=ff61337b840797ae
To: <sip:4267@192.168.6.120:5060>;tag=5b448a5e
Call-ID: 29c9b0c033436656
Contact: <sip:101@192.168.6.120:5060>
CSeq: 29015 INVITE
Content-Length: 0
[;m
call: SIP Progress: 180 Ringing (/)
aufile: writing speaker audio to nil
[36;1m15:49:30.508#
UDP 192.168.6.120:5060 -> 140.124.42.67:64882
SIP/2.0 200 OK
Via: SIP/2.0/UDP 140.124.42.67:64882;rport=64882;received=192.168.6.1;branch=z9hG4bK2cbf118d93e1e9f2
From: <sip:101@140.124.42.67>;tag=ff61337b840797ae
To: <sip:4267@192.168.6.120:5060>;tag=5b448a5e
Call-ID: 29c9b0c033436656
Contact: <sip:101@192.168.6.120:5060>
CSeq: 29015 INVITE
Allow: INVITE,CANCEL,ACK,BYE,NOTIFY,REFER,OPTIONS,INFO,MESSAGE,UPDATE
Supported: replaces,timer
Content-Type: application/sdp
User-Agent: IPSPK-v1.306
Content-Length: 183
v=0
o=CMI-SIPUA 15216 0 IN IP4 192.168.6.120
s=SIP CALL
c=IN IP4 192.168.6.120
t=0 0
m=audio 20000 RTP/AVP 8 101
a=rtpmap:101 telephone-event/8000
a=fmtp:101 0-15
a=sendrecv
[;m
101@140.124.42.67: Call answered: sip:4267@192.168.6.120:5060
stream: update 'audio'
audio_recv: Set audio decoder: PCMA 8000Hz 1ch
aufile: writing speaker audio to nil
audio_recv: player started with sample format S16LE
audio: Set audio encoder: PCMA 8000Hz 1ch
audio: source started with sample format S16LE
audio tx pipeline:      wasapi ---> aubuf ---> auconv ---> auresamp ---> PCMA
audio rx pipeline:      aufile <--- aubuf <--- auconv <--- auresamp <--- PCMA
[36;1m15:49:30.513#
UDP 140.124.42.67:64882 -> 192.168.6.120:5060
ACK sip:101@192.168.6.120:5060 SIP/2.0
Via: SIP/2.0/UDP 140.124.42.67:64882;branch=z9hG4bKc3ee3e081507fee7;rport
Max-Forwards: 70
To: <sip:4267@192.168.6.120:5060>;tag=5b448a5e
From: <sip:101@140.124.42.67>;tag=ff61337b840797ae
Call-ID: 29c9b0c033436656
CSeq: 29015 ACK
User-Agent: baresip v4.9.0 (AMD64/Windows)
Content-Length: 0
[;m
101@140.124.42.67: Call established: sip:4267@192.168.6.120:5060
[0:00:00] audio=0/0 (bit/s)
[0:00:00] audio=0/0 (bit/s)
[0:00:00] audio=0/0 (bit/s)
[0:00:00] audio=0/0 (bit/s)
[0:00:01] audio=0/0 (bit/s)
[0:00:01] audio=0/0 (bit/s)
[0:00:01] audio=0/0 (bit/s)
[0:00:01] audio=0/0 (bit/s)
[0:00:01] audio=0/0 (bit/s)
[0:00:01] audio=0/0 (bit/s)
[0:00:01] audio=0/0 (bit/s)
[0:00:01] audio=0/0 (bit/s)
[0:00:01] audio=0/0 (bit/s)
[0:00:01] audio=0/0 (bit/s)
[0:00:02] audio=0/0 (bit/s)
[0:00:02] audio=0/0 (bit/s)
[0:00:02] audio=0/0 (bit/s)
[0:00:02] audio=0/0 (bit/s)
[0:00:02] audio=0/0 (bit/s)
[0:00:02] audio=0/0 (bit/s)
[0:00:02] audio=0/0 (bit/s)
[0:00:02] audio=0/0 (bit/s)
[0:00:02] audio=0/0 (bit/s)
[0:00:02] audio=0/0 (bit/s)
[0:00:03] audio=0/0 (bit/s)
[0:00:03] audio=0/0 (bit/s)
[0:00:03] audio=0/0 (bit/s)
[0:00:03] audio=0/0 (bit/s)
[0:00:03] audio=0/0 (bit/s)
[0:00:03] audio=0/0 (bit/s)
[0:00:03] audio=0/0 (bit/s)
[0:00:03] audio=0/0 (bit/s)
[0:00:03] audio=0/0 (bit/s)
[0:00:04] audio=0/0 (bit/s)
[0:00:04] audio=0/0 (bit/s)
[0:00:04] audio=0/0 (bit/s)
[0:00:04] audio=0/0 (bit/s)
[0:00:04] audio=0/0 (bit/s)
[0:00:04] audio=0/0 (bit/s)
[0:00:04] audio=0/0 (bit/s)
[0:00:04] audio=0/0 (bit/s)
[0:00:04] audio=0/0 (bit/s)
[0:00:04] audio=0/0 (bit/s)
[0:00:05] audio=0/0 (bit/s)
[0:00:05] audio=0/0 (bit/s)
[0:00:05] audio=0/0 (bit/s)
[0:00:05] audio=0/0 (bit/s)
[0:00:05] audio=0/0 (bit/s)
[0:00:05] audio=0/0 (bit/s)
[0:00:05] audio=0/0 (bit/s)
[0:00:05] audio=0/0 (bit/s)
[0:00:05] audio=0/0 (bit/s)
[0:00:05] audio=0/0 (bit/s)
[0:00:06] audio=0/0 (bit/s)
[0:00:06] audio=64405/63978 (bit/s)
[0:00:06] audio=64405/63978 (bit/s)
[0:00:06] audio=64405/63978 (bit/s)
[0:00:06] audio=64405/63978 (bit/s)
[0:00:06] audio=64405/63978 (bit/s)
[0:00:06] audio=64405/63978 (bit/s)
[0:00:06] audio=64405/63978 (bit/s)
[0:00:06] audio=64405/63978 (bit/s)
[0:00:07] audio=64405/63978 (bit/s)
[0:00:07] audio=64405/63978 (bit/s)
[0:00:07] audio=64405/63978 (bit/s)
[0:00:07] audio=64405/63978 (bit/s)
[0:00:07] audio=64405/63978 (bit/s)
[0:00:07] audio=64405/63978 (bit/s)
[0:00:07] audio=64405/63978 (bit/s)
[0:00:07] audio=64405/63978 (bit/s)
[0:00:07] audio=64405/63978 (bit/s)
[0:00:07] audio=64405/63978 (bit/s)
[0:00:08] audio=64405/63978 (bit/s)
[0:00:08] audio=64405/63978 (bit/s)
[0:00:08] audio=64405/63978 (bit/s)
[0:00:08] audio=64405/63978 (bit/s)
[0:00:08] audio=64405/63978 (bit/s)
[0:00:08] audio=64405/63978 (bit/s)
[0:00:08] audio=64405/63978 (bit/s)
[0:00:08] audio=64405/63978 (bit/s)
[0:00:08] audio=64405/63978 (bit/s)
[0:00:08] audio=64405/63978 (bit/s)
[0:00:09] audio=64405/63978 (bit/s)
[0:00:09] audio=64000/64000 (bit/s)
[0:00:09] audio=64000/64000 (bit/s)
[0:00:09] audio=64000/64000 (bit/s)
[0:00:09] audio=64000/64000 (bit/s)
[0:00:09] audio=64000/64000 (bit/s)
[0:00:09] audio=64000/64000 (bit/s)
[0:00:09] audio=64000/64000 (bit/s)
[0:00:09] audio=64000/64000 (bit/s)
[0:00:10] audio=64000/64000 (bit/s)
[0:00:10] audio=64000/64000 (bit/s)
[0:00:10] audio=64000/64000 (bit/s)
[0:00:10] audio=64000/64000 (bit/s)
[0:00:10] audio=64000/64000 (bit/s)
[0:00:10] audio=64000/64000 (bit/s)
[0:00:10] audio=64000/64000 (bit/s)
[0:00:10] audio=64000/64000 (bit/s)
[0:00:10] audio=64000/64000 (bit/s)
[0:00:10] audio=64000/64000 (bit/s)
[0:00:11] audio=64000/64000 (bit/s)
[0:00:11] audio=64000/64000 (bit/s)
[0:00:11] audio=64000/64000 (bit/s)
[0:00:11] audio=64000/64000 (bit/s)
[0:00:11] audio=64000/64000 (bit/s)
[0:00:11] audio=64000/64000 (bit/s)
[0:00:11] audio=64000/64000 (bit/s)
[0:00:11] audio=64000/64000 (bit/s)
[0:00:11] audio=64000/64000 (bit/s)
[0:00:11] audio=64000/64000 (bit/s)
[0:00:12] audio=64000/64000 (bit/s)
[0:00:12] audio=63573/64000 (bit/s)
[0:00:12] audio=63573/64000 (bit/s)
[0:00:12] audio=63573/64000 (bit/s)
[0:00:12] audio=63573/64000 (bit/s)
[0:00:12] audio=63573/64000 (bit/s)
[0:00:12] audio=63573/64000 (bit/s)
[0:00:12] audio=63573/64000 (bit/s)
[0:00:12] audio=63573/64000 (bit/s)
[0:00:12] audio=63573/64000 (bit/s)
[0:00:13] audio=63573/64000 (bit/s)
[0:00:13] audio=63573/64000 (bit/s)
[0:00:13] audio=63573/64000 (bit/s)
[0:00:13] audio=63573/64000 (bit/s)
[0:00:13] audio=63573/64000 (bit/s)
[0:00:13] audio=63573/64000 (bit/s)
[0:00:13] audio=63573/64000 (bit/s)
[0:00:13] audio=63573/64000 (bit/s)
[0:00:13] audio=63573/64000 (bit/s)
[0:00:13] audio=63573/64000 (bit/s)
[0:00:14] audio=63573/64000 (bit/s)
[0:00:14] audio=63573/64000 (bit/s)
call: terminate call '29c9b0c033436656' with sip:4267@192.168.6.120:5060
[36;1m15:49:44.157#
UDP 140.124.42.67:64882 -> 192.168.6.120:5060
BYE sip:101@192.168.6.120:5060 SIP/2.0
Via: SIP/2.0/UDP 140.124.42.67:64882;branch=z9hG4bK1e8bcd2b47e15325;rport
Max-Forwards: 70
To: <sip:4267@192.168.6.120:5060>;tag=5b448a5e
From: <sip:101@140.124.42.67>;tag=ff61337b840797ae
Call-ID: 29c9b0c033436656
CSeq: 29016 BYE
User-Agent: baresip v4.9.0 (AMD64/Windows)
Content-Length: 0
[;m
sip:101@140.124.42.67: Call with sip:4267@192.168.6.120:5060 terminated (duration: 14 secs)
audio           Transmit:     Receive:
packets:            677          683
avg. bitrate:      63.6         63.8  (kbit/s)
errors:               0            0
[36;1m15:49:44.208#
UDP 192.168.6.120:5060 -> 140.124.42.67:64882
SIP/2.0 200 OK
Via: SIP/2.0/UDP 140.124.42.67:64882;rport=64882;received=192.168.6.1;branch=z9hG4bK1e8bcd2b47e15325
From: <sip:101@140.124.42.67>;tag=ff61337b840797ae
To: <sip:4267@192.168.6.120:5060>;tag=5b448a5e
Call-ID: 29c9b0c033436656
CSeq: 29016 BYE
Content-Length: 0
[;m
tcp: recv handler: recv(): Unknown error [10053]

--- Baresip run 2026-07-08T15:49:49 ---
baresip v4.9.0 Copyright (C) 2010 - 2025 Alfred E. Heggestad et al.
Local network addresses:
 {E9883888-1437-4B71-ACCC-A557E6C989F3}:  fe80::a24e:6067:1df:b7d0
 {E9883888-1437-4B71-ACCC-A557E6C989F3}:  140.124.42.67
aucodec: PCMU/8000/1
aucodec: PCMA/8000/1
aufilt: auconv
aufilt: auresamp
ausrc: aufile
auplay: aufile
ausrc: ausine
ausrc: wasapi
auplay: wasapi
wasapi/device/play: 耳機 (Realtek(R) Audio) ({0.0.0.00000000}.{2e271a10-dbf4-4057-bc46-9ed5d4e5d8a6})
wasapi/device/play: CABLE Input (VB-Audio Virtual Cable) ({0.0.0.00000000}.{3c33c8a2-01f5-44a5-bbcb-085984901f36})
wasapi/device/play: 喇叭 (Realtek(R) Audio) ({0.0.0.00000000}.{a3e110fd-256d-4bbb-ae02-9a851e92111b})
wasapi/device/play: CABLE In 16ch (VB-Audio Virtual Cable) ({0.0.0.00000000}.{f3ce26bd-d2fd-4777-a9bd-ab740c68e878})
wasapi/device/src: CABLE Output (VB-Audio Virtual Cable) ({0.0.1.00000000}.{aaf7e322-e320-469a-a9b4-a9525e7f8c66})
wasapi/device/src: 麥克風 (Realtek(R) Audio) ({0.0.1.00000000}.{c4d3b5b6-8ee3-4b25-9643-faf62db87e04})
wasapi/device/src: 立體聲混音 (Realtek(R) Audio) ({0.0.1.00000000}.{d12b79ae-68dc-47c0-86a8-e8714c349967})
wasapi: output devices: 4, input devices: 3
Populated 1 account
Populated 2 audio codecs
Populated 2 audio filters
Populated 0 video codecs
Populated 0 video filters
baresip is ready.
101@140.124.42.67: selected for request
call: connecting to 'sip:4267@192.168.6.120:5060'..
[36;1m15:49:50.844#
UDP 140.124.42.67:64882 -> 192.168.6.120:5060
INVITE sip:4267@192.168.6.120:5060 SIP/2.0
Via: SIP/2.0/UDP 140.124.42.67:64882;branch=z9hG4bK75a03ef82b9bc40a;rport
Contact: <sip:101@140.124.42.67:64882>
Max-Forwards: 70
To: <sip:4267@192.168.6.120:5060>
From: <sip:101@140.124.42.67>;tag=8aae1cb740bed8b7
Call-ID: 39dd2c0defc19cbf
CSeq: 48104 INVITE
User-Agent: baresip v4.9.0 (AMD64/Windows)
Allow: INVITE,ACK,BYE,CANCEL,OPTIONS,NOTIFY,INFO,MESSAGE,UPDATE,REFER
Supported: gruu,replaces,norefersub
Content-Type: application/sdp
Content-Length: 273
v=0
o=- 3731399858 266116348 IN IP4 140.124.42.67
s=-
c=IN IP4 140.124.42.67
t=0 0
m=audio 4004 RTP/AVP 8 0 101
a=rtpmap:8 PCMA/8000
a=rtpmap:0 PCMU/8000
a=rtpmap:101 telephone-event/8000
a=fmtp:101 0-15
a=sendrecv
a=ssrc:1729344671 cname:sip:101@140.124.42.67
[;m
tcp: send: write(): Unknown error [10053] (fdc=848)
[31mctrl_tcp: failed to send the response (Unknown error [10053])
[;mtcp: recv handler: recv(): Unknown error [10053]
[36;1m15:49:50.889#
UDP 192.168.6.120:5060 -> 140.124.42.67:64882
SIP/2.0 100 Trying
Via: SIP/2.0/UDP 140.124.42.67:64882;rport=64882;received=192.168.6.1;branch=z9hG4bK75a03ef82b9bc40a
From: <sip:101@140.124.42.67>;tag=8aae1cb740bed8b7
To: <sip:4267@192.168.6.120:5060>
Call-ID: 39dd2c0defc19cbf
CSeq: 48104 INVITE
Content-Length: 0
[;m
[36;1m15:49:50.962#
UDP 192.168.6.120:5060 -> 140.124.42.67:64882
SIP/2.0 180 Ringing
Via: SIP/2.0/UDP 140.124.42.67:64882;rport=64882;received=192.168.6.1;branch=z9hG4bK75a03ef82b9bc40a
From: <sip:101@140.124.42.67>;tag=8aae1cb740bed8b7
To: <sip:4267@192.168.6.120:5060>;tag=0ee9f3fb
Call-ID: 39dd2c0defc19cbf
Contact: <sip:101@192.168.6.120:5060>
CSeq: 48104 INVITE
Content-Length: 0
[;m
call: SIP Progress: 180 Ringing (/)
aufile: writing speaker audio to nil
[36;1m15:49:51.411#
UDP 192.168.6.120:5060 -> 140.124.42.67:64882
SIP/2.0 200 OK
Via: SIP/2.0/UDP 140.124.42.67:64882;rport=64882;received=192.168.6.1;branch=z9hG4bK75a03ef82b9bc40a
From: <sip:101@140.124.42.67>;tag=8aae1cb740bed8b7
To: <sip:4267@192.168.6.120:5060>;tag=0ee9f3fb
Call-ID: 39dd2c0defc19cbf
Contact: <sip:101@192.168.6.120:5060>
CSeq: 48104 INVITE
Allow: INVITE,CANCEL,ACK,BYE,NOTIFY,REFER,OPTIONS,INFO,MESSAGE,UPDATE
Supported: replaces,timer
Content-Type: application/sdp
User-Agent: IPSPK-v1.306
Content-Length: 183
v=0
o=CMI-SIPUA 56857 0 IN IP4 192.168.6.120
s=SIP CALL
c=IN IP4 192.168.6.120
t=0 0
m=audio 20000 RTP/AVP 8 101
a=rtpmap:101 telephone-event/8000
a=fmtp:101 0-15
a=sendrecv
[;m
101@140.124.42.67: Call answered: sip:4267@192.168.6.120:5060
stream: update 'audio'
audio_recv: Set audio decoder: PCMA 8000Hz 1ch
aufile: writing speaker audio to nil
audio_recv: player started with sample format S16LE
audio: Set audio encoder: PCMA 8000Hz 1ch
audio: source started with sample format S16LE
audio tx pipeline:      wasapi ---> aubuf ---> auconv ---> auresamp ---> PCMA
audio rx pipeline:      aufile <--- aubuf <--- auconv <--- auresamp <--- PCMA
[36;1m15:49:51.417#
UDP 140.124.42.67:64882 -> 192.168.6.120:5060
ACK sip:101@192.168.6.120:5060 SIP/2.0
Via: SIP/2.0/UDP 140.124.42.67:64882;branch=z9hG4bKaf3b71c343f4d9cb;rport
Max-Forwards: 70
To: <sip:4267@192.168.6.120:5060>;tag=0ee9f3fb
From: <sip:101@140.124.42.67>;tag=8aae1cb740bed8b7
Call-ID: 39dd2c0defc19cbf
CSeq: 48104 ACK
User-Agent: baresip v4.9.0 (AMD64/Windows)
Content-Length: 0
[;m
101@140.124.42.67: Call established: sip:4267@192.168.6.120:5060
[0:00:00] audio=0/0 (bit/s)
[0:00:00] audio=0/0 (bit/s)
[0:00:00] audio=0/0 (bit/s)
[0:00:00] audio=0/0 (bit/s)
[0:00:00] audio=0/0 (bit/s)
[0:00:01] audio=0/0 (bit/s)
[0:00:01] audio=0/0 (bit/s)
[0:00:01] audio=0/0 (bit/s)
[0:00:01] audio=0/0 (bit/s)
[0:00:01] audio=0/0 (bit/s)
[0:00:01] audio=0/0 (bit/s)
[0:00:01] audio=0/0 (bit/s)
[0:00:01] audio=0/0 (bit/s)
[0:00:01] audio=0/0 (bit/s)
[0:00:01] audio=0/0 (bit/s)
[0:00:02] audio=0/0 (bit/s)
[0:00:02] audio=0/0 (bit/s)
[0:00:02] audio=0/0 (bit/s)
[0:00:02] audio=0/0 (bit/s)
[0:00:02] audio=0/0 (bit/s)
[0:00:02] audio=0/0 (bit/s)
[0:00:02] audio=0/0 (bit/s)
[0:00:02] audio=0/0 (bit/s)
[0:00:02] audio=0/0 (bit/s)
[0:00:02] audio=0/0 (bit/s)
[0:00:03] audio=0/0 (bit/s)
[0:00:03] audio=0/0 (bit/s)
[0:00:03] audio=0/0 (bit/s)
[0:00:03] audio=0/0 (bit/s)
[0:00:03] audio=0/0 (bit/s)
[0:00:03] audio=0/0 (bit/s)
[0:00:03] audio=0/0 (bit/s)
[0:00:03] audio=0/0 (bit/s)
[0:00:03] audio=0/0 (bit/s)
[0:00:03] audio=0/0 (bit/s)
[0:00:04] audio=0/0 (bit/s)
[0:00:04] audio=0/0 (bit/s)
[0:00:04] audio=0/0 (bit/s)
[0:00:04] audio=0/0 (bit/s)
[0:00:04] audio=0/0 (bit/s)
[0:00:04] audio=0/0 (bit/s)
[0:00:04] audio=0/0 (bit/s)
[0:00:04] audio=0/0 (bit/s)
[0:00:04] audio=0/0 (bit/s)
[0:00:04] audio=0/0 (bit/s)
[0:00:05] audio=0/0 (bit/s)
[0:00:05] audio=0/0 (bit/s)
[0:00:05] audio=0/0 (bit/s)
[0:00:05] audio=0/0 (bit/s)
[0:00:05] audio=0/0 (bit/s)
[0:00:05] audio=0/0 (bit/s)
[0:00:05] audio=0/0 (bit/s)
[0:00:05] audio=0/0 (bit/s)
[0:00:05] audio=0/0 (bit/s)
[0:00:05] audio=0/0 (bit/s)
[0:00:06] audio=64000/64000 (bit/s)
[0:00:06] audio=64000/64000 (bit/s)
[0:00:06] audio=64000/64000 (bit/s)
[0:00:06] audio=64000/64000 (bit/s)
[0:00:06] audio=64000/64000 (bit/s)
[0:00:06] audio=64000/64000 (bit/s)
[0:00:06] audio=64000/64000 (bit/s)
[0:00:06] audio=64000/64000 (bit/s)
[0:00:06] audio=64000/64000 (bit/s)
[0:00:06] audio=64000/64000 (bit/s)
[0:00:07] audio=64000/64000 (bit/s)
[0:00:07] audio=64000/64000 (bit/s)
[0:00:07] audio=64000/64000 (bit/s)
[0:00:07] audio=64000/64000 (bit/s)
[0:00:07] audio=64000/64000 (bit/s)
[0:00:07] audio=64000/64000 (bit/s)
[0:00:07] audio=64000/64000 (bit/s)
[0:00:07] audio=64000/64000 (bit/s)
[0:00:07] audio=64000/64000 (bit/s)
[0:00:07] audio=64000/64000 (bit/s)
[0:00:08] audio=64000/64000 (bit/s)
[0:00:08] audio=64000/64000 (bit/s)
[0:00:08] audio=64000/64000 (bit/s)
[0:00:08] audio=64000/64000 (bit/s)
[0:00:08] audio=64000/64000 (bit/s)
[0:00:08] audio=64000/64000 (bit/s)
[0:00:08] audio=64000/64000 (bit/s)
[0:00:08] audio=64000/64000 (bit/s)
[0:00:08] audio=64000/64000 (bit/s)
[0:00:08] audio=64000/64000 (bit/s)
[0:00:09] audio=64000/64000 (bit/s)
[0:00:09] audio=64000/64000 (bit/s)
[0:00:09] audio=64000/64000 (bit/s)
[0:00:09] audio=64000/64000 (bit/s)
[0:00:09] audio=64000/64000 (bit/s)
[0:00:09] audio=64000/64000 (bit/s)
[0:00:09] audio=64000/64000 (bit/s)
[0:00:09] audio=64000/64000 (bit/s)
[0:00:09] audio=64000/64000 (bit/s)
[0:00:09] audio=64000/64000 (bit/s)
[0:00:10] audio=64000/64000 (bit/s)
[0:00:10] audio=64000/64000 (bit/s)
[0:00:10] audio=64000/64000 (bit/s)
[0:00:10] audio=64000/64000 (bit/s)
[0:00:10] audio=64000/64000 (bit/s)
[0:00:10] audio=64000/64000 (bit/s)
[0:00:10] audio=64000/64000 (bit/s)
[0:00:10] audio=64000/64000 (bit/s)
[0:00:10] audio=64000/64000 (bit/s)
[0:00:10] audio=64000/64000 (bit/s)
[0:00:11] audio=64000/64000 (bit/s)
[0:00:11] audio=64000/64000 (bit/s)
[0:00:11] audio=64000/64000 (bit/s)
[0:00:11] audio=64000/64000 (bit/s)
[0:00:11] audio=64000/64000 (bit/s)
[0:00:11] audio=64000/64000 (bit/s)
[0:00:11] audio=64000/64000 (bit/s)
[0:00:11] audio=64000/64000 (bit/s)
[0:00:11] audio=64000/64000 (bit/s)
[0:00:11] audio=64000/64000 (bit/s)
[0:00:12] audio=64000/64000 (bit/s)
[0:00:12] audio=64000/64000 (bit/s)
[0:00:12] audio=64000/64000 (bit/s)
[0:00:12] audio=64000/64000 (bit/s)
[0:00:12] audio=64000/64000 (bit/s)
[0:00:12] audio=64000/64000 (bit/s)
[0:00:12] audio=64000/64000 (bit/s)
[0:00:12] audio=64000/64000 (bit/s)
[0:00:12] audio=64000/64000 (bit/s)
[0:00:12] audio=64000/64000 (bit/s)
[0:00:13] audio=64000/64000 (bit/s)
[0:00:13] audio=64000/64000 (bit/s)
[0:00:13] audio=64000/64000 (bit/s)
[0:00:13] audio=64000/64000 (bit/s)
[0:00:13] audio=64000/64000 (bit/s)
[0:00:13] audio=64000/64000 (bit/s)
[0:00:13] audio=64000/64000 (bit/s)
[0:00:13] audio=64000/64000 (bit/s)
[0:00:13] audio=64000/64000 (bit/s)
[0:00:13] audio=64000/64000 (bit/s)
call: terminate call '39dd2c0defc19cbf' with sip:4267@192.168.6.120:5060
[36;1m15:50:04.980#
UDP 140.124.42.67:64882 -> 192.168.6.120:5060
BYE sip:101@192.168.6.120:5060 SIP/2.0
Via: SIP/2.0/UDP 140.124.42.67:64882;branch=z9hG4bKbda34a79b4f62ace;rport
Max-Forwards: 70
To: <sip:4267@192.168.6.120:5060>;tag=0ee9f3fb
From: <sip:101@140.124.42.67>;tag=8aae1cb740bed8b7
Call-ID: 39dd2c0defc19cbf
CSeq: 48105 BYE
User-Agent: baresip v4.9.0 (AMD64/Windows)
Content-Length: 0
[;m
sip:101@140.124.42.67: Call with sip:4267@192.168.6.120:5060 terminated (duration: 14 secs)
audio           Transmit:     Receive:
packets:            673          678
avg. bitrate:      63.7         63.9  (kbit/s)
errors:               0            0
tcp: recv handler: recv(): Unknown error [10053]
[36;1m15:50:05.019#
UDP 192.168.6.120:5060 -> 140.124.42.67:64882
SIP/2.0 200 OK
Via: SIP/2.0/UDP 140.124.42.67:64882;rport=64882;received=192.168.6.1;branch=z9hG4bKbda34a79b4f62ace
From: <sip:101@140.124.42.67>;tag=8aae1cb740bed8b7
To: <sip:4267@192.168.6.120:5060>;tag=0ee9f3fb
Call-ID: 39dd2c0defc19cbf
CSeq: 48105 BYE
Content-Length: 0
[;m

--- Baresip run 2026-07-08T15:54:40 ---
baresip v4.9.0 Copyright (C) 2010 - 2025 Alfred E. Heggestad et al.
Local network addresses:
 {E9883888-1437-4B71-ACCC-A557E6C989F3}:  fe80::a24e:6067:1df:b7d0
 {E9883888-1437-4B71-ACCC-A557E6C989F3}:  140.124.42.67
aucodec: PCMU/8000/1
aucodec: PCMA/8000/1
aufilt: auconv
aufilt: auresamp
ausrc: aufile
auplay: aufile
ausrc: ausine
ausrc: wasapi
auplay: wasapi
wasapi/device/play: 耳機 (Realtek(R) Audio) ({0.0.0.00000000}.{2e271a10-dbf4-4057-bc46-9ed5d4e5d8a6})
wasapi/device/play: CABLE Input (VB-Audio Virtual Cable) ({0.0.0.00000000}.{3c33c8a2-01f5-44a5-bbcb-085984901f36})
wasapi/device/play: 喇叭 (Realtek(R) Audio) ({0.0.0.00000000}.{a3e110fd-256d-4bbb-ae02-9a851e92111b})
wasapi/device/play: CABLE In 16ch (VB-Audio Virtual Cable) ({0.0.0.00000000}.{f3ce26bd-d2fd-4777-a9bd-ab740c68e878})
wasapi/device/src: CABLE Output (VB-Audio Virtual Cable) ({0.0.1.00000000}.{aaf7e322-e320-469a-a9b4-a9525e7f8c66})
wasapi/device/src: 麥克風 (Realtek(R) Audio) ({0.0.1.00000000}.{c4d3b5b6-8ee3-4b25-9643-faf62db87e04})
wasapi/device/src: 立體聲混音 (Realtek(R) Audio) ({0.0.1.00000000}.{d12b79ae-68dc-47c0-86a8-e8714c349967})
wasapi: output devices: 4, input devices: 3
Populated 1 account
Populated 2 audio codecs
Populated 2 audio filters
Populated 0 video codecs
Populated 0 video filters
baresip is ready.
101@140.124.42.67: selected for request
call: connecting to 'sip:4267@192.168.6.120:5060'..
[36;1m15:54:41.520#
UDP 140.124.42.67:64882 -> 192.168.6.120:5060
INVITE sip:4267@192.168.6.120:5060 SIP/2.0
Via: SIP/2.0/UDP 140.124.42.67:64882;branch=z9hG4bK6d5122d8cbf4b9af;rport
Contact: <sip:101@140.124.42.67:64882>
Max-Forwards: 70
To: <sip:4267@192.168.6.120:5060>
From: <sip:101@140.124.42.67>;tag=4a44219997e38d1c
Call-ID: ea925bcbe1d86308
CSeq: 37565 INVITE
User-Agent: MicroSIP/3.22.12
Allow: INVITE,ACK,BYE,CANCEL,OPTIONS,NOTIFY,INFO,MESSAGE,UPDATE,REFER
Supported: gruu,replaces,norefersub
Content-Type: application/sdp
Content-Length: 272
v=0
o=- 960033291 443879509 IN IP4 140.124.42.67
s=-
c=IN IP4 140.124.42.67
t=0 0
m=audio 4004 RTP/AVP 8 0 101
a=rtpmap:8 PCMA/8000
a=rtpmap:0 PCMU/8000
a=rtpmap:101 telephone-event/8000
a=fmtp:101 0-15
a=sendrecv
a=ssrc:1867146126 cname:sip:101@140.124.42.67
[;m
tcp: send: write(): Unknown error [10053] (fdc=960)
[31mctrl_tcp: failed to send the response (Unknown error [10053])
[;mtcp: recv handler: recv(): Unknown error [10053]
[36;1m15:54:41.563#
UDP 192.168.6.120:5060 -> 140.124.42.67:64882
SIP/2.0 100 Trying
Via: SIP/2.0/UDP 140.124.42.67:64882;rport=64882;received=192.168.6.1;branch=z9hG4bK6d5122d8cbf4b9af
From: <sip:101@140.124.42.67>;tag=4a44219997e38d1c
To: <sip:4267@192.168.6.120:5060>
Call-ID: ea925bcbe1d86308
CSeq: 37565 INVITE
Content-Length: 0
[;m
[36;1m15:54:41.637#
UDP 192.168.6.120:5060 -> 140.124.42.67:64882
SIP/2.0 180 Ringing
Via: SIP/2.0/UDP 140.124.42.67:64882;rport=64882;received=192.168.6.1;branch=z9hG4bK6d5122d8cbf4b9af
From: <sip:101@140.124.42.67>;tag=4a44219997e38d1c
To: <sip:4267@192.168.6.120:5060>;tag=215ac5af
Call-ID: ea925bcbe1d86308
Contact: <sip:101@192.168.6.120:5060>
CSeq: 37565 INVITE
Content-Length: 0
[;m
call: SIP Progress: 180 Ringing (/)
aufile: writing speaker audio to nil
[36;1m15:54:41.995#
UDP 192.168.6.120:5060 -> 140.124.42.67:64882
SIP/2.0 200 OK
Via: SIP/2.0/UDP 140.124.42.67:64882;rport=64882;received=192.168.6.1;branch=z9hG4bK6d5122d8cbf4b9af
From: <sip:101@140.124.42.67>;tag=4a44219997e38d1c
To: <sip:4267@192.168.6.120:5060>;tag=215ac5af
Call-ID: ea925bcbe1d86308
Contact: <sip:101@192.168.6.120:5060>
CSeq: 37565 INVITE
Allow: INVITE,CANCEL,ACK,BYE,NOTIFY,REFER,OPTIONS,INFO,MESSAGE,UPDATE
Supported: replaces,timer
Content-Type: application/sdp
User-Agent: IPSPK-v1.306
Content-Length: 183
v=0
o=CMI-SIPUA 39561 0 IN IP4 192.168.6.120
s=SIP CALL
c=IN IP4 192.168.6.120
t=0 0
m=audio 20000 RTP/AVP 8 101
a=rtpmap:101 telephone-event/8000
a=fmtp:101 0-15
a=sendrecv
[;m
101@140.124.42.67: Call answered: sip:4267@192.168.6.120:5060
stream: update 'audio'
audio_recv: Set audio decoder: PCMA 8000Hz 1ch
aufile: writing speaker audio to nil
audio_recv: player started with sample format S16LE
audio: Set audio encoder: PCMA 8000Hz 1ch
audio: source started with sample format S16LE
audio tx pipeline:      wasapi ---> aubuf ---> auconv ---> auresamp ---> PCMA
audio rx pipeline:      aufile <--- aubuf <--- auconv <--- auresamp <--- PCMA
[36;1m15:54:42.000#
UDP 140.124.42.67:64882 -> 192.168.6.120:5060
ACK sip:101@192.168.6.120:5060 SIP/2.0
Via: SIP/2.0/UDP 140.124.42.67:64882;branch=z9hG4bK69f96e097b0fc77f;rport
Max-Forwards: 70
To: <sip:4267@192.168.6.120:5060>;tag=215ac5af
From: <sip:101@140.124.42.67>;tag=4a44219997e38d1c
Call-ID: ea925bcbe1d86308
CSeq: 37565 ACK
User-Agent: MicroSIP/3.22.12
Content-Length: 0
[;m
101@140.124.42.67: Call established: sip:4267@192.168.6.120:5060
[0:00:00] audio=0/0 (bit/s)
[0:00:00] audio=0/0 (bit/s)
[0:00:00] audio=0/0 (bit/s)
[0:00:00] audio=0/0 (bit/s)
[0:00:00] audio=0/0 (bit/s)
[0:00:00] audio=0/0 (bit/s)
[0:00:00] audio=0/0 (bit/s)
[0:00:00] audio=0/0 (bit/s)
[0:00:00] audio=0/0 (bit/s)
[0:00:01] audio=0/0 (bit/s)
[0:00:01] audio=0/0 (bit/s)
[0:00:01] audio=0/0 (bit/s)
[0:00:01] audio=0/0 (bit/s)
[0:00:01] audio=0/0 (bit/s)
[0:00:01] audio=0/0 (bit/s)
[0:00:01] audio=0/0 (bit/s)
[0:00:01] audio=0/0 (bit/s)
[0:00:01] audio=0/0 (bit/s)
[0:00:01] audio=0/0 (bit/s)
[0:00:02] audio=0/0 (bit/s)
[0:00:02] audio=0/0 (bit/s)
[0:00:02] audio=0/0 (bit/s)
[0:00:02] audio=0/0 (bit/s)
[0:00:02] audio=0/0 (bit/s)
[0:00:02] audio=0/0 (bit/s)
[0:00:02] audio=0/0 (bit/s)
[0:00:02] audio=0/0 (bit/s)
[0:00:02] audio=0/0 (bit/s)
[0:00:02] audio=0/0 (bit/s)
[0:00:03] audio=0/0 (bit/s)
[0:00:03] audio=0/0 (bit/s)
[0:00:03] audio=0/0 (bit/s)
[0:00:03] audio=0/0 (bit/s)
[0:00:03] audio=0/0 (bit/s)
[0:00:03] audio=0/0 (bit/s)
[0:00:03] audio=0/0 (bit/s)
[0:00:03] audio=0/0 (bit/s)
[0:00:03] audio=0/0 (bit/s)
[0:00:03] audio=0/0 (bit/s)
[0:00:04] audio=0/0 (bit/s)
[0:00:04] audio=0/0 (bit/s)
[0:00:04] audio=0/0 (bit/s)
[0:00:04] audio=0/0 (bit/s)
[0:00:04] audio=0/0 (bit/s)
[0:00:04] audio=0/0 (bit/s)
[0:00:04] audio=0/0 (bit/s)
[0:00:04] audio=0/0 (bit/s)
[0:00:04] audio=0/0 (bit/s)
[0:00:05] audio=0/0 (bit/s)
[0:00:05] audio=0/0 (bit/s)
[0:00:05] audio=0/0 (bit/s)
[0:00:05] audio=0/0 (bit/s)
[0:00:05] audio=0/0 (bit/s)
[0:00:05] audio=0/0 (bit/s)
[0:00:05] audio=0/0 (bit/s)
[0:00:05] audio=64426/64426 (bit/s)
[0:00:05] audio=64426/64426 (bit/s)
[0:00:05] audio=64426/64426 (bit/s)
[0:00:06] audio=64426/64426 (bit/s)
[0:00:06] audio=64426/64426 (bit/s)
[0:00:06] audio=64426/64426 (bit/s)
[0:00:06] audio=64426/64426 (bit/s)
[0:00:06] audio=64426/64426 (bit/s)
[0:00:06] audio=64426/64426 (bit/s)
[0:00:06] audio=64426/64426 (bit/s)
[0:00:06] audio=64426/64426 (bit/s)
[0:00:06] audio=64426/64426 (bit/s)
[0:00:06] audio=64426/64426 (bit/s)
[0:00:07] audio=64426/64426 (bit/s)
[0:00:07] audio=64426/64426 (bit/s)
[0:00:07] audio=64426/64426 (bit/s)
[0:00:07] audio=64426/64426 (bit/s)
[0:00:07] audio=64426/64426 (bit/s)
[0:00:07] audio=64426/64426 (bit/s)
[0:00:07] audio=64426/64426 (bit/s)
[0:00:07] audio=64426/64426 (bit/s)
[0:00:07] audio=64426/64426 (bit/s)
[0:00:07] audio=64426/64426 (bit/s)
[0:00:08] audio=64426/64426 (bit/s)
[0:00:08] audio=64426/64426 (bit/s)
[0:00:08] audio=64426/64426 (bit/s)
[0:00:08] audio=64426/64426 (bit/s)
[0:00:08] audio=64426/64426 (bit/s)
[0:00:08] audio=64426/64426 (bit/s)
[0:00:08] audio=64000/64000 (bit/s)
[0:00:08] audio=64000/64000 (bit/s)
[0:00:08] audio=64000/64000 (bit/s)
[0:00:08] audio=64000/64000 (bit/s)
[0:00:09] audio=64000/64000 (bit/s)
[0:00:09] audio=64000/64000 (bit/s)
[0:00:09] audio=64000/64000 (bit/s)
[0:00:09] audio=64000/64000 (bit/s)
[0:00:09] audio=64000/64000 (bit/s)
[0:00:09] audio=64000/64000 (bit/s)
[0:00:09] audio=64000/64000 (bit/s)
[0:00:09] audio=64000/64000 (bit/s)
[0:00:09] audio=64000/64000 (bit/s)
[0:00:10] audio=64000/64000 (bit/s)
[0:00:10] audio=64000/64000 (bit/s)
[0:00:10] audio=64000/64000 (bit/s)
[0:00:10] audio=64000/64000 (bit/s)
[0:00:10] audio=64000/64000 (bit/s)
[0:00:10] audio=64000/64000 (bit/s)
[0:00:10] audio=64000/64000 (bit/s)
[0:00:10] audio=64000/64000 (bit/s)
[0:00:10] audio=64000/64000 (bit/s)
[0:00:10] audio=64000/64000 (bit/s)
[0:00:11] audio=64000/64000 (bit/s)
[0:00:11] audio=64000/64000 (bit/s)
[0:00:11] audio=64000/64000 (bit/s)
[0:00:11] audio=64000/64000 (bit/s)
[0:00:11] audio=64000/64000 (bit/s)
[0:00:11] audio=64000/64000 (bit/s)
[0:00:11] audio=63978/63978 (bit/s)
[0:00:11] audio=63978/63978 (bit/s)
[0:00:11] audio=63978/63978 (bit/s)
[0:00:11] audio=63978/63978 (bit/s)
[0:00:12] audio=63978/63978 (bit/s)
[0:00:12] audio=63978/63978 (bit/s)
[0:00:12] audio=63978/63978 (bit/s)
[0:00:12] audio=63978/63978 (bit/s)
[0:00:12] audio=63978/63978 (bit/s)
[0:00:12] audio=63978/63978 (bit/s)
[0:00:12] audio=63978/63978 (bit/s)
[0:00:12] audio=63978/63978 (bit/s)
[0:00:12] audio=63978/63978 (bit/s)
[0:00:12] audio=63978/63978 (bit/s)
[0:00:13] audio=63978/63978 (bit/s)
[0:00:13] audio=63978/63978 (bit/s)
[0:00:13] audio=63978/63978 (bit/s)
[0:00:13] audio=63978/63978 (bit/s)
[0:00:13] audio=63978/63978 (bit/s)
[0:00:13] audio=63978/63978 (bit/s)
call: terminate call 'ea925bcbe1d86308' with sip:4267@192.168.6.120:5060
[36;1m15:54:55.648#
UDP 140.124.42.67:64882 -> 192.168.6.120:5060
BYE sip:101@192.168.6.120:5060 SIP/2.0
Via: SIP/2.0/UDP 140.124.42.67:64882;branch=z9hG4bKab8a26dbc05b5d78;rport
Max-Forwards: 70
To: <sip:4267@192.168.6.120:5060>;tag=215ac5af
From: <sip:101@140.124.42.67>;tag=4a44219997e38d1c
Call-ID: ea925bcbe1d86308
CSeq: 37566 BYE
User-Agent: MicroSIP/3.22.12
Content-Length: 0
[;m
sip:101@140.124.42.67: Call with sip:4267@192.168.6.120:5060 terminated (duration: 13 secs)
audio           Transmit:     Receive:
packets:            678          683
avg. bitrate:      63.7         63.9  (kbit/s)
errors:               0            0
tcp: recv handler: recv(): Unknown error [10053]
[36;1m15:54:55.687#
UDP 192.168.6.120:5060 -> 140.124.42.67:64882
SIP/2.0 200 OK
Via: SIP/2.0/UDP 140.124.42.67:64882;rport=64882;received=192.168.6.1;branch=z9hG4bKab8a26dbc05b5d78
From: <sip:101@140.124.42.67>;tag=4a44219997e38d1c
To: <sip:4267@192.168.6.120:5060>;tag=215ac5af
Call-ID: ea925bcbe1d86308
CSeq: 37566 BYE
Content-Length: 0
[;m

--- Baresip run 2026-07-08T15:57:45 ---
baresip v4.9.0 Copyright (C) 2010 - 2025 Alfred E. Heggestad et al.
Local network addresses:
 {E9883888-1437-4B71-ACCC-A557E6C989F3}:  fe80::a24e:6067:1df:b7d0
 {E9883888-1437-4B71-ACCC-A557E6C989F3}:  140.124.42.67
aucodec: PCMU/8000/1
aucodec: PCMA/8000/1
aufilt: auconv
aufilt: auresamp
ausrc: aufile
auplay: aufile
ausrc: ausine
ausrc: wasapi
auplay: wasapi
wasapi/device/play: 耳機 (Realtek(R) Audio) ({0.0.0.00000000}.{2e271a10-dbf4-4057-bc46-9ed5d4e5d8a6})
wasapi/device/play: CABLE Input (VB-Audio Virtual Cable) ({0.0.0.00000000}.{3c33c8a2-01f5-44a5-bbcb-085984901f36})
wasapi/device/play: 喇叭 (Realtek(R) Audio) ({0.0.0.00000000}.{a3e110fd-256d-4bbb-ae02-9a851e92111b})
wasapi/device/play: CABLE In 16ch (VB-Audio Virtual Cable) ({0.0.0.00000000}.{f3ce26bd-d2fd-4777-a9bd-ab740c68e878})
wasapi/device/src: CABLE Output (VB-Audio Virtual Cable) ({0.0.1.00000000}.{aaf7e322-e320-469a-a9b4-a9525e7f8c66})
wasapi/device/src: 麥克風 (Realtek(R) Audio) ({0.0.1.00000000}.{c4d3b5b6-8ee3-4b25-9643-faf62db87e04})
wasapi/device/src: 立體聲混音 (Realtek(R) Audio) ({0.0.1.00000000}.{d12b79ae-68dc-47c0-86a8-e8714c349967})
wasapi: output devices: 4, input devices: 3
Populated 1 account
Populated 2 audio codecs
Populated 2 audio filters
Populated 0 video codecs
Populated 0 video filters
baresip is ready.
101@140.124.42.67: selected for request
call: connecting to 'sip:4267@192.168.6.120:5060'..
[36;1m15:57:46.121#
UDP 140.124.42.67:64882 -> 192.168.6.120:5060
INVITE sip:4267@192.168.6.120:5060 SIP/2.0
Via: SIP/2.0/UDP 140.124.42.67:64882;branch=z9hG4bK8b88a7e282f69437;rport
Contact: <sip:140.124.42.67@140.124.42.67:64882>
Max-Forwards: 70
To: <sip:4267@192.168.6.120:5060>
From: <sip:101@140.124.42.67>;tag=aeeb2fa3d3e529bc
Call-ID: f96db1c0268df205
CSeq: 3540 INVITE
User-Agent: MicroSIP/3.22.12
Allow: INVITE,ACK,BYE,CANCEL,OPTIONS,NOTIFY,INFO,MESSAGE,UPDATE,REFER
Supported: gruu,replaces,norefersub
Content-Type: application/sdp
Content-Length: 273
v=0
o=- 1572453568 156514174 IN IP4 140.124.42.67
s=-
c=IN IP4 140.124.42.67
t=0 0
m=audio 4004 RTP/AVP 8 0 101
a=rtpmap:8 PCMA/8000
a=rtpmap:0 PCMU/8000
a=rtpmap:101 telephone-event/8000
a=fmtp:101 0-15
a=sendrecv
a=ssrc:1217723557 cname:sip:101@140.124.42.67
[;m
tcp: send: write(): Unknown error [10053] (fdc=856)
[31mctrl_tcp: failed to send the response (Unknown error [10053])
[;mtcp: recv handler: recv(): Unknown error [10053]
[36;1m15:57:46.170#
UDP 192.168.6.120:5060 -> 140.124.42.67:64882
SIP/2.0 100 Trying
Via: SIP/2.0/UDP 140.124.42.67:64882;rport=64882;received=192.168.6.1;branch=z9hG4bK8b88a7e282f69437
From: <sip:101@140.124.42.67>;tag=aeeb2fa3d3e529bc
To: <sip:4267@192.168.6.120:5060>
Call-ID: f96db1c0268df205
CSeq: 3540 INVITE
Content-Length: 0
[;m
[36;1m15:57:46.236#
UDP 192.168.6.120:5060 -> 140.124.42.67:64882
SIP/2.0 180 Ringing
Via: SIP/2.0/UDP 140.124.42.67:64882;rport=64882;received=192.168.6.1;branch=z9hG4bK8b88a7e282f69437
From: <sip:101@140.124.42.67>;tag=aeeb2fa3d3e529bc
To: <sip:4267@192.168.6.120:5060>;tag=7f32f673
Call-ID: f96db1c0268df205
Contact: <sip:101@192.168.6.120:5060>
CSeq: 3540 INVITE
Content-Length: 0
[;m
call: SIP Progress: 180 Ringing (/)
aufile: writing speaker audio to nil
[36;1m15:57:46.620#
UDP 192.168.6.120:5060 -> 140.124.42.67:64882
SIP/2.0 200 OK
Via: SIP/2.0/UDP 140.124.42.67:64882;rport=64882;received=192.168.6.1;branch=z9hG4bK8b88a7e282f69437
From: <sip:101@140.124.42.67>;tag=aeeb2fa3d3e529bc
To: <sip:4267@192.168.6.120:5060>;tag=7f32f673
Call-ID: f96db1c0268df205
Contact: <sip:101@192.168.6.120:5060>
CSeq: 3540 INVITE
Allow: INVITE,CANCEL,ACK,BYE,NOTIFY,REFER,OPTIONS,INFO,MESSAGE,UPDATE
Supported: replaces,timer
Content-Type: application/sdp
User-Agent: IPSPK-v1.306
Content-Length: 183
v=0
o=CMI-SIPUA 13035 0 IN IP4 192.168.6.120
s=SIP CALL
c=IN IP4 192.168.6.120
t=0 0
m=audio 20000 RTP/AVP 8 101
a=rtpmap:101 telephone-event/8000
a=fmtp:101 0-15
a=sendrecv
[;m
101@140.124.42.67: Call answered: sip:4267@192.168.6.120:5060
stream: update 'audio'
audio_recv: Set audio decoder: PCMA 8000Hz 1ch
aufile: writing speaker audio to nil
audio_recv: player started with sample format S16LE
audio: Set audio encoder: PCMA 8000Hz 1ch
audio: source started with sample format S16LE
audio tx pipeline:      wasapi ---> aubuf ---> auconv ---> auresamp ---> PCMA
audio rx pipeline:      aufile <--- aubuf <--- auconv <--- auresamp <--- PCMA
[36;1m15:57:46.644#
UDP 140.124.42.67:64882 -> 192.168.6.120:5060
ACK sip:101@192.168.6.120:5060 SIP/2.0
Via: SIP/2.0/UDP 140.124.42.67:64882;branch=z9hG4bK3a57d1511f51f57f;rport
Max-Forwards: 70
To: <sip:4267@192.168.6.120:5060>;tag=7f32f673
From: <sip:101@140.124.42.67>;tag=aeeb2fa3d3e529bc
Call-ID: f96db1c0268df205
CSeq: 3540 ACK
User-Agent: MicroSIP/3.22.12
Content-Length: 0
[;m
101@140.124.42.67: Call established: sip:4267@192.168.6.120:5060
[0:00:00] audio=0/0 (bit/s)
[0:00:00] audio=0/0 (bit/s)
[0:00:00] audio=0/0 (bit/s)
[0:00:01] audio=0/0 (bit/s)
[0:00:01] audio=0/0 (bit/s)
[0:00:01] audio=0/0 (bit/s)
[0:00:01] audio=0/0 (bit/s)
[0:00:01] audio=0/0 (bit/s)
[0:00:01] audio=0/0 (bit/s)
[0:00:01] audio=0/0 (bit/s)
[0:00:01] audio=0/0 (bit/s)
[0:00:01] audio=0/0 (bit/s)
[0:00:01] audio=0/0 (bit/s)
[0:00:02] audio=0/0 (bit/s)
[0:00:02] audio=0/0 (bit/s)
[0:00:02] audio=0/0 (bit/s)
[0:00:02] audio=0/0 (bit/s)
[0:00:02] audio=0/0 (bit/s)
[0:00:02] audio=0/0 (bit/s)
[0:00:02] audio=0/0 (bit/s)
[0:00:02] audio=0/0 (bit/s)
[0:00:02] audio=0/0 (bit/s)
[0:00:02] audio=0/0 (bit/s)
[0:00:03] audio=0/0 (bit/s)
[0:00:03] audio=0/0 (bit/s)
[0:00:03] audio=0/0 (bit/s)
[0:00:03] audio=0/0 (bit/s)
[0:00:03] audio=0/0 (bit/s)
[0:00:03] audio=0/0 (bit/s)
[0:00:03] audio=0/0 (bit/s)
[0:00:03] audio=0/0 (bit/s)
[0:00:03] audio=0/0 (bit/s)
[0:00:03] audio=0/0 (bit/s)
[0:00:04] audio=0/0 (bit/s)
[0:00:04] audio=0/0 (bit/s)
[0:00:04] audio=0/0 (bit/s)
[0:00:04] audio=0/0 (bit/s)
[0:00:04] audio=0/0 (bit/s)
[0:00:04] audio=0/0 (bit/s)
[0:00:04] audio=0/0 (bit/s)
[0:00:04] audio=0/0 (bit/s)
[0:00:04] audio=0/0 (bit/s)
[0:00:04] audio=0/0 (bit/s)
[0:00:05] audio=0/0 (bit/s)
[0:00:05] audio=0/0 (bit/s)
[0:00:05] audio=0/0 (bit/s)
[0:00:05] audio=0/0 (bit/s)
[0:00:05] audio=0/0 (bit/s)
[0:00:05] audio=0/0 (bit/s)
[0:00:05] audio=0/0 (bit/s)
[0:00:05] audio=0/0 (bit/s)
[0:00:05] audio=0/0 (bit/s)
[0:00:06] audio=0/0 (bit/s)
[0:00:06] audio=0/0 (bit/s)
[0:00:06] audio=0/0 (bit/s)
[0:00:06] audio=63978/63978 (bit/s)
[0:00:06] audio=63978/63978 (bit/s)
[0:00:06] audio=63978/63978 (bit/s)
[0:00:06] audio=63978/63978 (bit/s)
[0:00:06] audio=63978/63978 (bit/s)
[0:00:06] audio=63978/63978 (bit/s)
[0:00:06] audio=63978/63978 (bit/s)
[0:00:07] audio=63978/63978 (bit/s)
[0:00:07] audio=63978/63978 (bit/s)
[0:00:07] audio=63978/63978 (bit/s)
[0:00:07] audio=63978/63978 (bit/s)
[0:00:07] audio=63978/63978 (bit/s)
[0:00:07] audio=63978/63978 (bit/s)
[0:00:07] audio=63978/63978 (bit/s)
[0:00:07] audio=63978/63978 (bit/s)
[0:00:07] audio=63978/63978 (bit/s)
[0:00:07] audio=63978/63978 (bit/s)
[0:00:08] audio=63978/63978 (bit/s)
[0:00:08] audio=63978/63978 (bit/s)
[0:00:08] audio=63978/63978 (bit/s)
[0:00:08] audio=63978/63978 (bit/s)
[0:00:08] audio=63978/63978 (bit/s)
[0:00:08] audio=63978/63978 (bit/s)
[0:00:08] audio=63978/63978 (bit/s)
[0:00:08] audio=63978/63978 (bit/s)
[0:00:08] audio=63978/63978 (bit/s)
[0:00:08] audio=63978/63978 (bit/s)
[0:00:09] audio=63978/63978 (bit/s)
[0:00:09] audio=63978/63978 (bit/s)
[0:00:09] audio=63978/63978 (bit/s)
[0:00:09] audio=64148/63723 (bit/s)
[0:00:09] audio=64148/63723 (bit/s)
[0:00:09] audio=64148/63723 (bit/s)
[0:00:09] audio=64148/63723 (bit/s)
[0:00:09] audio=64148/63723 (bit/s)
[0:00:09] audio=64148/63723 (bit/s)
[0:00:09] audio=64148/63723 (bit/s)
[0:00:10] audio=64148/63723 (bit/s)
[0:00:10] audio=64148/63723 (bit/s)
[0:00:10] audio=64148/63723 (bit/s)
[0:00:10] audio=64148/63723 (bit/s)
[0:00:10] audio=64148/63723 (bit/s)
[0:00:10] audio=64148/63723 (bit/s)
[0:00:10] audio=64148/63723 (bit/s)
[0:00:10] audio=64148/63723 (bit/s)
[0:00:10] audio=64148/63723 (bit/s)
[0:00:10] audio=64148/63723 (bit/s)
[0:00:11] audio=64148/63723 (bit/s)
[0:00:11] audio=64148/63723 (bit/s)
[0:00:11] audio=64148/63723 (bit/s)
[0:00:11] audio=64148/63723 (bit/s)
[0:00:11] audio=64148/63723 (bit/s)
[0:00:11] audio=64148/63723 (bit/s)
[0:00:11] audio=64148/63723 (bit/s)
[0:00:11] audio=64148/63723 (bit/s)
[0:00:11] audio=64148/63723 (bit/s)
[0:00:11] audio=64148/63723 (bit/s)
[0:00:12] audio=64148/63723 (bit/s)
[0:00:12] audio=64148/63723 (bit/s)
[0:00:12] audio=64148/63723 (bit/s)
[0:00:12] audio=63914/64340 (bit/s)
[0:00:12] audio=63914/64340 (bit/s)
[0:00:12] audio=63914/64340 (bit/s)
[0:00:12] audio=63914/64340 (bit/s)
[0:00:12] audio=63914/64340 (bit/s)
[0:00:12] audio=63914/64340 (bit/s)
[0:00:12] audio=63914/64340 (bit/s)
[0:00:13] audio=63914/64340 (bit/s)
[0:00:13] audio=63914/64340 (bit/s)
[0:00:13] audio=63914/64340 (bit/s)
[0:00:13] audio=63914/64340 (bit/s)
[0:00:13] audio=63914/64340 (bit/s)
[0:00:13] audio=63914/64340 (bit/s)
[0:00:13] audio=63914/64340 (bit/s)
[0:00:13] audio=63914/64340 (bit/s)
[0:00:13] audio=63914/64340 (bit/s)
[0:00:13] audio=63914/64340 (bit/s)
[0:00:14] audio=63914/64340 (bit/s)
[0:00:14] audio=63914/64340 (bit/s)
[0:00:14] audio=63914/64340 (bit/s)
call: terminate call 'f96db1c0268df205' with sip:4267@192.168.6.120:5060
[36;1m15:58:00.251#
UDP 140.124.42.67:64882 -> 192.168.6.120:5060
BYE sip:101@192.168.6.120:5060 SIP/2.0
Via: SIP/2.0/UDP 140.124.42.67:64882;branch=z9hG4bK51f9b2d74b97f3a0;rport
Max-Forwards: 70
To: <sip:4267@192.168.6.120:5060>;tag=7f32f673
From: <sip:101@140.124.42.67>;tag=aeeb2fa3d3e529bc
Call-ID: f96db1c0268df205
CSeq: 3541 BYE
User-Agent: MicroSIP/3.22.12
Content-Length: 0
[;m
sip:101@140.124.42.67: Call with sip:4267@192.168.6.120:5060 terminated (duration: 14 secs)
audio           Transmit:     Receive:
packets:            674          680
avg. bitrate:      63.5         63.8  (kbit/s)
errors:               0            0
[36;1m15:58:00.299#
UDP 192.168.6.120:5060 -> 140.124.42.67:64882
SIP/2.0 200 OK
Via: SIP/2.0/UDP 140.124.42.67:64882;rport=64882;received=192.168.6.1;branch=z9hG4bK51f9b2d74b97f3a0
From: <sip:101@140.124.42.67>;tag=aeeb2fa3d3e529bc
To: <sip:4267@192.168.6.120:5060>;tag=7f32f673
Call-ID: f96db1c0268df205
CSeq: 3541 BYE
Content-Length: 0
[;m
tcp: recv handler: recv(): Unknown error [10053]

--- Baresip run 2026-07-08T15:58:05 ---
baresip v4.9.0 Copyright (C) 2010 - 2025 Alfred E. Heggestad et al.
Local network addresses:
 {E9883888-1437-4B71-ACCC-A557E6C989F3}:  fe80::a24e:6067:1df:b7d0
 {E9883888-1437-4B71-ACCC-A557E6C989F3}:  140.124.42.67
aucodec: PCMU/8000/1
aucodec: PCMA/8000/1
aufilt: auconv
aufilt: auresamp
ausrc: aufile
auplay: aufile
ausrc: ausine
ausrc: wasapi
auplay: wasapi
wasapi/device/play: 耳機 (Realtek(R) Audio) ({0.0.0.00000000}.{2e271a10-dbf4-4057-bc46-9ed5d4e5d8a6})
wasapi/device/play: CABLE Input (VB-Audio Virtual Cable) ({0.0.0.00000000}.{3c33c8a2-01f5-44a5-bbcb-085984901f36})
wasapi/device/play: 喇叭 (Realtek(R) Audio) ({0.0.0.00000000}.{a3e110fd-256d-4bbb-ae02-9a851e92111b})
wasapi/device/play: CABLE In 16ch (VB-Audio Virtual Cable) ({0.0.0.00000000}.{f3ce26bd-d2fd-4777-a9bd-ab740c68e878})
wasapi/device/src: CABLE Output (VB-Audio Virtual Cable) ({0.0.1.00000000}.{aaf7e322-e320-469a-a9b4-a9525e7f8c66})
wasapi/device/src: 麥克風 (Realtek(R) Audio) ({0.0.1.00000000}.{c4d3b5b6-8ee3-4b25-9643-faf62db87e04})
wasapi/device/src: 立體聲混音 (Realtek(R) Audio) ({0.0.1.00000000}.{d12b79ae-68dc-47c0-86a8-e8714c349967})
wasapi: output devices: 4, input devices: 3
Populated 1 account
Populated 2 audio codecs
Populated 2 audio filters
Populated 0 video codecs
Populated 0 video filters
baresip is ready.
101@140.124.42.67: selected for request
call: connecting to 'sip:4267@192.168.6.120:5060'..
[36;1m15:58:06.530#
UDP 140.124.42.67:64882 -> 192.168.6.120:5060
INVITE sip:4267@192.168.6.120:5060 SIP/2.0
Via: SIP/2.0/UDP 140.124.42.67:64882;branch=z9hG4bK41c914380d91e59c;rport
Contact: <sip:140.124.42.67@140.124.42.67:64882>
Max-Forwards: 70
To: <sip:4267@192.168.6.120:5060>
From: <sip:101@140.124.42.67>;tag=848fcaa6f1ac0dc6
Call-ID: b4e1a1c3b4a3e3af
CSeq: 42283 INVITE
User-Agent: MicroSIP/3.22.12
Allow: INVITE,ACK,BYE,CANCEL,OPTIONS,NOTIFY,INFO,MESSAGE,UPDATE,REFER
Supported: gruu,replaces,norefersub
Content-Type: application/sdp
Content-Length: 272
v=0
o=- 2972723815 71151424 IN IP4 140.124.42.67
s=-
c=IN IP4 140.124.42.67
t=0 0
m=audio 4004 RTP/AVP 8 0 101
a=rtpmap:8 PCMA/8000
a=rtpmap:0 PCMU/8000
a=rtpmap:101 telephone-event/8000
a=fmtp:101 0-15
a=sendrecv
a=ssrc:2851943158 cname:sip:101@140.124.42.67
[;m
tcp: send: write(): Unknown error [10053] (fdc=1004)
[31mctrl_tcp: failed to send the response (Unknown error [10053])
[;mtcp: recv handler: recv(): Unknown error [10053]
[36;1m15:58:06.581#
UDP 192.168.6.120:5060 -> 140.124.42.67:64882
SIP/2.0 100 Trying
Via: SIP/2.0/UDP 140.124.42.67:64882;rport=64882;received=192.168.6.1;branch=z9hG4bK41c914380d91e59c
From: <sip:101@140.124.42.67>;tag=848fcaa6f1ac0dc6
To: <sip:4267@192.168.6.120:5060>
Call-ID: b4e1a1c3b4a3e3af
CSeq: 42283 INVITE
Content-Length: 0
[;m
[36;1m15:58:06.646#
UDP 192.168.6.120:5060 -> 140.124.42.67:64882
SIP/2.0 180 Ringing
Via: SIP/2.0/UDP 140.124.42.67:64882;rport=64882;received=192.168.6.1;branch=z9hG4bK41c914380d91e59c
From: <sip:101@140.124.42.67>;tag=848fcaa6f1ac0dc6
To: <sip:4267@192.168.6.120:5060>;tag=6c7369ca
Call-ID: b4e1a1c3b4a3e3af
Contact: <sip:101@192.168.6.120:5060>
CSeq: 42283 INVITE
Content-Length: 0
[;m
call: SIP Progress: 180 Ringing (/)
aufile: writing speaker audio to nil
[36;1m15:58:07.000#
UDP 192.168.6.120:5060 -> 140.124.42.67:64882
SIP/2.0 200 OK
Via: SIP/2.0/UDP 140.124.42.67:64882;rport=64882;received=192.168.6.1;branch=z9hG4bK41c914380d91e59c
From: <sip:101@140.124.42.67>;tag=848fcaa6f1ac0dc6
To: <sip:4267@192.168.6.120:5060>;tag=6c7369ca
Call-ID: b4e1a1c3b4a3e3af
Contact: <sip:101@192.168.6.120:5060>
CSeq: 42283 INVITE
Allow: INVITE,CANCEL,ACK,BYE,NOTIFY,REFER,OPTIONS,INFO,MESSAGE,UPDATE
Supported: replaces,timer
Content-Type: application/sdp
User-Agent: IPSPK-v1.306
Content-Length: 183
v=0
o=CMI-SIPUA 54522 0 IN IP4 192.168.6.120
s=SIP CALL
c=IN IP4 192.168.6.120
t=0 0
m=audio 20000 RTP/AVP 8 101
a=rtpmap:101 telephone-event/8000
a=fmtp:101 0-15
a=sendrecv
[;m
101@140.124.42.67: Call answered: sip:4267@192.168.6.120:5060
stream: update 'audio'
audio_recv: Set audio decoder: PCMA 8000Hz 1ch
aufile: writing speaker audio to nil
audio_recv: player started with sample format S16LE
audio: Set audio encoder: PCMA 8000Hz 1ch
audio: source started with sample format S16LE
audio tx pipeline:      wasapi ---> aubuf ---> auconv ---> auresamp ---> PCMA
audio rx pipeline:      aufile <--- aubuf <--- auconv <--- auresamp <--- PCMA
[36;1m15:58:07.013#
UDP 140.124.42.67:64882 -> 192.168.6.120:5060
ACK sip:101@192.168.6.120:5060 SIP/2.0
Via: SIP/2.0/UDP 140.124.42.67:64882;branch=z9hG4bK8663a1e533b690dd;rport
Max-Forwards: 70
To: <sip:4267@192.168.6.120:5060>;tag=6c7369ca
From: <sip:101@140.124.42.67>;tag=848fcaa6f1ac0dc6
Call-ID: b4e1a1c3b4a3e3af
CSeq: 42283 ACK
User-Agent: MicroSIP/3.22.12
Content-Length: 0
[;m
101@140.124.42.67: Call established: sip:4267@192.168.6.120:5060
[0:00:00] audio=0/0 (bit/s)
[0:00:00] audio=0/0 (bit/s)
[0:00:00] audio=0/0 (bit/s)
[0:00:00] audio=0/0 (bit/s)
[0:00:00] audio=0/0 (bit/s)
[0:00:00] audio=0/0 (bit/s)
[0:00:00] audio=0/0 (bit/s)
[0:00:00] audio=0/0 (bit/s)
[0:00:00] audio=0/0 (bit/s)
[0:00:01] audio=0/0 (bit/s)
[0:00:01] audio=0/0 (bit/s)
[0:00:01] audio=0/0 (bit/s)
[0:00:01] audio=0/0 (bit/s)
[0:00:01] audio=0/0 (bit/s)
[0:00:01] audio=0/0 (bit/s)
[0:00:01] audio=0/0 (bit/s)
[0:00:01] audio=0/0 (bit/s)
[0:00:01] audio=0/0 (bit/s)
[0:00:02] audio=0/0 (bit/s)
[0:00:02] audio=0/0 (bit/s)
[0:00:02] audio=0/0 (bit/s)
[0:00:02] audio=0/0 (bit/s)
[0:00:02] audio=0/0 (bit/s)
[0:00:02] audio=0/0 (bit/s)
[0:00:02] audio=0/0 (bit/s)
[0:00:02] audio=0/0 (bit/s)
[0:00:02] audio=0/0 (bit/s)
[0:00:02] audio=0/0 (bit/s)
[0:00:03] audio=0/0 (bit/s)
[0:00:03] audio=0/0 (bit/s)
[0:00:03] audio=0/0 (bit/s)
[0:00:03] audio=0/0 (bit/s)
[0:00:03] audio=0/0 (bit/s)
[0:00:03] audio=0/0 (bit/s)
[0:00:03] audio=0/0 (bit/s)
[0:00:03] audio=0/0 (bit/s)
[0:00:03] audio=0/0 (bit/s)
[0:00:03] audio=0/0 (bit/s)
[0:00:04] audio=0/0 (bit/s)
[0:00:04] audio=0/0 (bit/s)
[0:00:04] audio=0/0 (bit/s)
[0:00:04] audio=0/0 (bit/s)
[0:00:04] audio=0/0 (bit/s)
[0:00:04] audio=0/0 (bit/s)
[0:00:04] audio=0/0 (bit/s)
[0:00:04] audio=0/0 (bit/s)
[0:00:04] audio=0/0 (bit/s)
[0:00:05] audio=0/0 (bit/s)
[0:00:05] audio=0/0 (bit/s)
[0:00:05] audio=0/0 (bit/s)
[0:00:05] audio=0/0 (bit/s)
[0:00:05] audio=0/0 (bit/s)
[0:00:05] audio=0/0 (bit/s)
[0:00:05] audio=0/0 (bit/s)
[0:00:05] audio=64000/64000 (bit/s)
[0:00:05] audio=64000/64000 (bit/s)
[0:00:05] audio=64000/64000 (bit/s)
[0:00:06] audio=64000/64000 (bit/s)
[0:00:06] audio=64000/64000 (bit/s)
[0:00:06] audio=64000/64000 (bit/s)
[0:00:06] audio=64000/64000 (bit/s)
[0:00:06] audio=64000/64000 (bit/s)
[0:00:06] audio=64000/64000 (bit/s)
[0:00:06] audio=64000/64000 (bit/s)
[0:00:06] audio=64000/64000 (bit/s)
[0:00:06] audio=64000/64000 (bit/s)
[0:00:06] audio=64000/64000 (bit/s)
[0:00:07] audio=64000/64000 (bit/s)
[0:00:07] audio=64000/64000 (bit/s)
[0:00:07] audio=64000/64000 (bit/s)
[0:00:07] audio=64000/64000 (bit/s)
[0:00:07] audio=64000/64000 (bit/s)
[0:00:07] audio=64000/64000 (bit/s)
[0:00:07] audio=64000/64000 (bit/s)
[0:00:07] audio=64000/64000 (bit/s)
[0:00:07] audio=64000/64000 (bit/s)
[0:00:07] audio=64000/64000 (bit/s)
[0:00:08] audio=64000/64000 (bit/s)
[0:00:08] audio=64000/64000 (bit/s)
[0:00:08] audio=64000/64000 (bit/s)
[0:00:08] audio=64000/64000 (bit/s)
[0:00:08] audio=64000/64000 (bit/s)
[0:00:08] audio=64000/64000 (bit/s)
[0:00:08] audio=64426/64000 (bit/s)
[0:00:08] audio=64426/64000 (bit/s)
[0:00:08] audio=64426/64000 (bit/s)
[0:00:08] audio=64426/64000 (bit/s)
[0:00:09] audio=64426/64000 (bit/s)
[0:00:09] audio=64426/64000 (bit/s)
[0:00:09] audio=64426/64000 (bit/s)
[0:00:09] audio=64426/64000 (bit/s)
[0:00:09] audio=64426/64000 (bit/s)
[0:00:09] audio=64426/64000 (bit/s)
[0:00:09] audio=64426/64000 (bit/s)
[0:00:09] audio=64426/64000 (bit/s)
[0:00:09] audio=64426/64000 (bit/s)
[0:00:10] audio=64426/64000 (bit/s)
[0:00:10] audio=64426/64000 (bit/s)
[0:00:10] audio=64426/64000 (bit/s)
[0:00:10] audio=64426/64000 (bit/s)
[0:00:10] audio=64426/64000 (bit/s)
[0:00:10] audio=64426/64000 (bit/s)
[0:00:10] audio=64426/64000 (bit/s)
[0:00:10] audio=64426/64000 (bit/s)
[0:00:10] audio=64426/64000 (bit/s)
[0:00:10] audio=64426/64000 (bit/s)
[0:00:11] audio=64426/64000 (bit/s)
[0:00:11] audio=64426/64000 (bit/s)
[0:00:11] audio=64426/64000 (bit/s)
[0:00:11] audio=64426/64000 (bit/s)
[0:00:11] audio=64426/64000 (bit/s)
[0:00:11] audio=64426/64000 (bit/s)
[0:00:11] audio=63573/64000 (bit/s)
[0:00:11] audio=63573/64000 (bit/s)
[0:00:11] audio=63573/64000 (bit/s)
[0:00:11] audio=63573/64000 (bit/s)
[0:00:12] audio=63573/64000 (bit/s)
[0:00:12] audio=63573/64000 (bit/s)
[0:00:12] audio=63573/64000 (bit/s)
[0:00:12] audio=63573/64000 (bit/s)
[0:00:12] audio=63573/64000 (bit/s)
[0:00:12] audio=63573/64000 (bit/s)
[0:00:12] audio=63573/64000 (bit/s)
[0:00:12] audio=63573/64000 (bit/s)
[0:00:12] audio=63573/64000 (bit/s)
[0:00:12] audio=63573/64000 (bit/s)
[0:00:13] audio=63573/64000 (bit/s)
[0:00:13] audio=63573/64000 (bit/s)
[0:00:13] audio=63573/64000 (bit/s)
[0:00:13] audio=63573/64000 (bit/s)
[0:00:13] audio=63573/64000 (bit/s)
[0:00:13] audio=63573/64000 (bit/s)
[0:00:13] audio=63573/64000 (bit/s)
call: terminate call 'b4e1a1c3b4a3e3af' with sip:4267@192.168.6.120:5060
[36;1m15:58:20.661#
UDP 140.124.42.67:64882 -> 192.168.6.120:5060
BYE sip:101@192.168.6.120:5060 SIP/2.0
Via: SIP/2.0/UDP 140.124.42.67:64882;branch=z9hG4bKf351fa8613d0f44e;rport
Max-Forwards: 70
To: <sip:4267@192.168.6.120:5060>;tag=6c7369ca
From: <sip:101@140.124.42.67>;tag=848fcaa6f1ac0dc6
Call-ID: b4e1a1c3b4a3e3af
CSeq: 42284 BYE
User-Agent: MicroSIP/3.22.12
Content-Length: 0
[;m
sip:101@140.124.42.67: Call with sip:4267@192.168.6.120:5060 terminated (duration: 13 secs)
audio           Transmit:     Receive:
packets:            679          682
avg. bitrate:      63.7         63.8  (kbit/s)
errors:               0            0
[36;1m15:58:20.705#
UDP 192.168.6.120:5060 -> 140.124.42.67:64882
SIP/2.0 200 OK
Via: SIP/2.0/UDP 140.124.42.67:64882;rport=64882;received=192.168.6.1;branch=z9hG4bKf351fa8613d0f44e
From: <sip:101@140.124.42.67>;tag=848fcaa6f1ac0dc6
To: <sip:4267@192.168.6.120:5060>;tag=6c7369ca
Call-ID: b4e1a1c3b4a3e3af
CSeq: 42284 BYE
Content-Length: 0
[;m
tcp: recv handler: recv(): Unknown error [10053]
